3G_bands,4G_bands,GPRS,EDGE,thickness,weight_g,SIM,display_size,display_ppi,n_cores,internal_memory,RAM,primary_camera,secondary_camera,battery,approx_price
1,1,1,1,9.4,260.0,2,7.0,209.8,4,32,2.0,13,2,3400.0,14441
1,1,1,1,8.5,169.0,2,5.5,400.53,8,32,3.0,13,5,4080.0,21237
1,1,1,1,8.5,166.0,3,5.5,267.02,8,32,3.0,13,13,4020.0,19538
1,1,1,1,8.4,125.0,2,5.0,293.72,4,8,1.0,8,5,2000.0,9344
1,1,1,1,8.4,150.0,2,5.5,400.53,6,32,3.0,21,8,2870.0,18689
1,1,1,1,9.6,142.0,2,4.5,217.7,4,8,1.0,5,5,2000.0,9344
1,0,1,1,9.6,142.0,2,4.5,217.7,4,8,1.0,5,2,2000.0,7645
1,1,1,1,8.9,165.0,2,5.5,267.02,4,8,1.0,8,8,4000.0,16990
1,1,1,1,8.9,145.0,2,5.0,293.72,4,8,1.0,8,8,2420.0,12742
1,1,1,1,8.0,110.0,2,5.0,293.72,4,8,1.0,13,5,2300.0,16990
1,0,1,1,6.4,118.0,2,5.0,195.93,4,8,1.0,8,2,2000.0,11043
1,0,1,1,9.6,120.0,2,4.0,233.24,2,8,1.0,5,2,1300.0,7645
1,0,1,1,9.6,119.0,2,4.0,233.24,2,4,0.5,5,2,1300.0,6796
1,1,1,1,9.9,145.0,2,4.5,244.77,4,8,1.0,5,2,2000.0,11043
1,1,1,1,7.8,116.0,2,5.0,293.72,8,16,2.0,13,5,2300.0,16990
1,0,1,1,8.8,150.0,2,5.0,293.72,4,4,1.0,8,2,2000.0,12742
1,1,1,1,8.5,164.0,1,5.7,257.65,8,16,2.0,13,2,2700.0,22087
1,0,1,1,7.5,110.0,2,5.0,293.72,4,8,1.0,13,2,2100.0,15291
1,0,1,1,9.9,155.0,3,5.0,293.72,4,16,2.0,8,2,3500.0,16990
1,1,1,1,9.5,155.0,1,5.0,195.93,4,4,1.0,8,2,2500.0,16990
1,0,1,1,9.7,122.0,2,4.0,233.24,2,4,0.5,5,3,1630.0,8495
1,1,1,1,9.0,229.0,1,6.0,367.15,4,16,2.0,13,2,3300.0,28883
1,0,1,1,9.6,195.0,2,5.7,257.65,4,8,1.0,8,2,2400.0,27184
1,0,1,1,9.9,140.0,2,4.5,244.77,4,4,1.0,8,2,2000.0,15291
1,0,1,1,11.0,777.0,1,10.1,149.45,4,32,1.0,5,1,9800.0,21237
1,0,1,1,13.3,777.0,1,10.1,149.45,2,64,1.0,5,2,3260.0,41625
1,0,1,1,13.6,185.0,1,4.8,235.61,1,8,0.5,8,2,1500.0,18689
1,0,1,1,13.1,470.0,1,7.0,169.55,2,16,1.0,5,2,1530.0,22087
1,1,1,1,7.5,156.0,2,5.0,293.72,4,16,2.0,13,5,2460.0,16990
1,1,1,1,8.1,163.9,1,5.5,267.02,4,16,2.0,8,5,2500.0,6796
1,1,1,1,7.0,140.0,2,5.0,293.72,8,16,2.0,13,5,2150.0,21237
1,0,1,1,9.5,148.0,1,5.0,195.93,4,8,1.0,8,5,2000.0,5097
1,1,1,1,8.2,157.0,2,5.5,400.53,8,16,2.0,13,5,3000.0,11893
1,1,1,1,9.4,295.1,1,7.0,169.55,4,8,1.0,5,2,3240.0,11043
1,1,1,1,7.0,152.0,1,5.5,400.53,4,64,4.0,21,8,3000.0,37378
1,1,1,1,7.0,149.0,2,5.5,534.04,8,32,3.0,16,8,3000.0,29732
1,1,1,1,7.1,135.0,2,5.2,423.64,8,16,2.0,13,8,2610.0,21237
1,0,1,1,8.0,179.0,2,6.0,183.58,4,8,1.0,13,8,2580.0,10194
1,1,1,1,9.5,174.0,2,5.5,267.02,4,8,1.0,5,2,2910.0,10194
1,1,1,1,9.9,167.0,2,5.0,195.93,4,8,1.0,5,5,1800.0,9344
1,1,1,1,9.5,173.0,1,5.5,267.02,4,16,2.0,8,2,2500.0,11043
1,1,1,1,9.0,140.0,2,5.0,293.72,8,16,2.0,13,5,3000.0,19538
1,1,1,1,8.0,147.0,2,5.5,267.02,8,16,2.0,13,8,3500.0,11043
1,1,1,1,7.4,141.0,2,5.5,400.53,8,16,2.0,13,8,2910.0,21237
1,1,1,1,7.6,110.0,2,4.7,312.47,4,8,1.5,13,5,2000.0,16990
1,1,1,1,7.9,380.0,1,9.6,157.23,4,8,1.0,5,2,4600.0,21237
1,1,1,1,7.2,327.0,1,8.0,188.68,4,8,1.0,5,3,4100.0,21237
1,1,1,1,7.3,310.0,1,8.0,283.02,8,32,2.0,5,2,4060.0,23786
1,1,1,1,7.9,175.0,1,6.0,367.15,8,16,2.0,1,5,3100.0,39077
1,1,1,1,8.6,182.0,2,5.9,248.92,4,8,1.0,8,2,3400.0,23786
1,1,1,1,7.5,126.0,1,5.0,293.72,4,8,1.0,8,3,2150.0,23786
1,0,1,1,7.3,128.0,2,5.0,220.29,4,8,1.0,8,2,2000.0,16990
1,1,1,1,8.5,116.0,1,4.5,244.77,4,4,1.0,8,2,2000.0,16990
1,0,1,1,7.9,125.0,2,5.0,440.58,8,16,2.0,1,2,2500.0,24635
1,0,1,1,9.5,189.0,2,5.5,200.26,4,4,1.0,8,2,2500.0,11893
1,0,1,1,7.5,117.4,1,4.7,312.47,4,16,1.0,13,3,2000.0,30582
1,0,1,1,8.5,177.6,2,6.0,367.15,4,8,2.0,13,2,3400.0,31431
1,1,1,1,7.4,110.0,1,4.7,312.47,2,4,1.0,8,3,2000.0,13592
1,0,1,1,6.9,130.0,2,5.0,440.58,4,16,2.0,1,1,2000.0,31431
1,0,1,1,6.5,115.0,1,4.65,315.83,2,16,1.0,8,3,1800.0,22936
1,0,1,1,7.9,109.0,2,4.66,236.36,2,4,1.0,8,2,1800.0,19538
1,1,1,1,8.7,135.0,1,5.0,293.72,4,4,1.0,8,3,2500.0,29732
1,1,1,1,7.4,167.5,2,5.5,400.53,8,64,4.0,13,13,3000.0,35679
1,1,1,1,7.0,144.0,2,5.5,400.53,8,64,4.0,16,8,3000.0,38227
1,1,1,1,8.4,209.8,2,6.0,367.15,8,64,3.0,13,5,5020.0,35679
1,1,1,1,6.9,147.6,2,5.5,267.02,8,32,3.0,13,5,3150.0,25485
1,1,1,1,7.0,128.0,2,5.0,293.72,4,16,3.0,13,5,2350.0,16990
1,1,1,1,7.0,128.0,2,5.0,293.72,4,16,2.0,13,5,2350.0,15291
1,1,1,1,8.0,137.0,2,5.0,293.72,4,16,1.0,8,5,2400.0,13592
1,1,1,1,7.2,155.3,2,5.5,267.02,8,16,3.0,13,5,3150.0,25485
1,1,1,1,7.2,155.3,2,5.5,267.02,8,16,1.0,13,5,3150.0,21237
1,1,1,1,7.9,143.0,2,4.7,312.47,4,16,1.0,8,5,2000.0,16990
1,0,1,1,8.9,153.0,2,5.0,293.72,4,16,1.0,5,2,2000.0,10194
1,0,1,1,8.9,200.0,2,5.0,293.72,4,16,2.0,8,5,4000.0,14441
1,1,1,1,8.1,154.0,2,5.0,293.72,4,8,1.0,8,5,3140.0,8495
1,1,1,1,8.5,212.0,2,5.5,267.02,4,16,2.0,13,5,6000.0,25485
1,1,1,1,11.2,156.5,2,4.5,217.7,4,16,1.0,5,2,4000.0,11893
1,1,1,1,8.6,130.0,2,5.0,293.72,8,16,2.0,13,5,2100.0,20388
1,1,1,1,9.8,135.5,2,4.5,217.7,4,8,1.0,8,2,1850.0,11893
1,1,1,1,9.6,204.4,2,6.0,489.53,8,64,3.0,24,8,3500.0,41625
1,0,1,1,8.0,149.7,2,5.0,293.72,8,8,1.0,8,2,1920.0,19538
1,0,1,1,8.4,146.4,2,5.5,267.02,6,8,1.0,8,2,2400.0,19538
1,0,1,1,10.3,139.2,1,4.7,468.7,4,16,2.0,16,4,2200.0,25485
1,0,1,1,5.2,97.0,1,4.8,305.96,8,16,1.0,8,5,2050.0,19538
1,0,1,1,8.8,156.2,2,5.0,293.72,4,8,1.0,8,2,2000.0,14441
1,0,1,1,7.2,98.9,2,4.7,312.47,4,8,1.0,8,2,1750.0,13592
1,0,1,1,5.6,129.0,1,5.0,440.58,8,16,2.0,13,5,2300.0,28883
1,0,1,1,9.7,150.5,1,5.5,400.53,4,32,3.0,16,8,2500.0,39926
1,0,1,1,8.9,143.5,2,5.0,293.72,4,16,2.0,13,5,2500.0,26334
1,0,1,1,7.9,374.0,1,7.9,162.03,4,8,1.0,5,2,4000.0,16140
1,0,1,1,8.6,131.9,2,4.65,315.83,4,4,1.0,8,1,2100.0,18689
1,0,1,1,9.1,147.7,1,4.5,326.36,4,16,1.0,8,2,3000.0,22936
1,0,1,1,7.9,129.4,1,5.0,440.58,4,32,2.0,13,5,2000.0,30582
1,0,1,1,11.0,143.0,2,4.7,234.35,4,8,1.0,8,2,1800.0,16990
1,0,1,1,7.9,124.9,2,4.7,312.47,4,16,1.0,8,2,1800.0,19538
1,0,1,1,9.9,176.9,2,5.3,207.82,4,4,1.0,8,1,3000.0,19538
1,0,1,1,9.8,140.7,2,4.5,244.77,4,4,1.0,8,1,2100.0,14441
1,0,1,1,8.6,131.3,2,4.65,315.83,2,4,1.0,8,1,2100.0,16990
1,1,1,1,8.9,160.0,1,4.7,312.47,4,64,2.0,13,1,2400.0,13592
1,1,1,1,7.5,469.0,1,9.7,263.92,2,128,2.0,8,2,8827.0,33130
1,1,1,1,7.3,188.0,1,5.5,400.53,4,256,3.0,12,7,2900.0,76455
1,1,1,1,7.1,138.0,1,4.7,325.61,4,256,2.0,12,7,1960.0,64562
1,1,1,1,7.6,113.0,1,4.0,325.97,2,128,2.0,12,2,1624.0,37378
1,1,1,1,7.3,192.0,1,5.5,400.53,2,128,2.0,12,5,2750.0,63712
1,1,1,1,7.1,143.0,1,4.7,325.61,2,128,2.0,12,5,1715.0,52669
1,1,1,1,6.9,713.0,1,12.9,264.68,2,256,4.0,8,2,307.0,72207
1,1,1,1,6.1,299.0,1,7.9,324.05,2,128,2.0,8,2,5124.0,30582
1,1,1,1,6.1,437.0,1,9.7,263.92,1,128,2.0,8,2,7340.0,37378
1,1,1,1,7.5,331.0,1,7.9,324.05,2,128,1.0,5,2,6470.0,33980
1,1,1,1,7.1,172.0,1,5.5,400.53,2,128,1.0,8,2,2915.0,59465
1,1,1,1,6.9,129.0,1,4.7,325.61,2,128,1.0,8,2,1810.0,45873
1,1,1,1,7.5,469.0,1,9.7,263.92,2,128,1.0,5,2,8600.0,29732
1,1,1,1,7.5,331.0,1,7.9,324.05,2,128,1.0,5,2,6470.0,22936
1,1,1,1,7.6,112.0,1,4.0,325.97,2,64,1.0,8,2,1560.0,28033
1,1,1,1,9.0,132.0,1,4.0,325.97,2,32,1.0,8,2,1510.0,25485
1,1,1,1,7.2,312.0,1,7.9,162.03,2,64,0.5,5,2,4490.0,25485
1,1,1,1,9.4,662.0,1,9.7,263.92,2,128,1.0,5,2,11560.0,42475
1,1,1,1,7.6,112.0,1,4.0,325.97,2,64,1.0,8,2,1440.0,28883
1,1,1,1,8.9,160.0,2,5.0,293.72,4,16,1.0,13,5,2400.0,11043
1,1,1,1,8.3,193.0,2,5.5,400.53,8,64,4.0,7,8,2950.0,21237
1,1,1,1,8.4,154.0,2,5.0,293.72,4,8,1.0,13,5,2100.0,11893
1,1,1,1,9.0,160.0,2,5.0,293.72,4,8,1.0,8,2,2000.0,12742
1,1,1,1,8.0,142.0,2,5.0,440.58,8,16,2.0,16,8,2700.0,16990
1,0,1,1,9.3,232.0,2,6.4,229.47,4,4,1.0,8,2,2800.0,20388
1,0,1,1,7.6,140.0,2,5.0,293.72,8,8,1.0,8,2,2000.0,20388
1,1,1,1,9.0,160.0,1,5.0,293.72,4,8,1.0,8,2,2000.0,23786
1,1,1,1,8.0,120.0,2,5.0,293.72,4,32,2.0,13,5,2650.0,12742
1,1,1,1,8.9,175.0,2,5.2,282.42,8,32,3.0,13,8,5000.0,19538
1,1,1,1,6.8,490.0,2,9.7,263.92,6,32,4.0,8,5,7800.0,38227
1,1,1,1,9.0,170.0,2,5.7,515.3,4,256,8.0,23,8,3300.0,67960
1,1,1,1,8.0,170.0,2,5.5,400.53,8,128,4.0,12,13,5000.0,46722
1,0,1,1,8.9,270.0,2,6.9,172.0,4,8,1.0,5,2,3480.0,10194
1,1,1,1,7.6,320.0,1,7.9,324.05,6,32,4.0,8,2,4680.0,33130
1,1,1,1,11.3,150.0,2,5.0,293.72,4,16,2.0,13,5,2600.0,11043
1,1,1,1,8.3,175.0,2,5.5,400.53,8,32,4.0,16,8,4100.0,23786
1,1,1,1,7.8,151.0,2,5.5,400.53,8,64,4.0,16,8,3000.0,37378
1,1,1,1,8.6,148.0,2,5.2,282.42,4,16,2.0,13,5,4130.0,19538
1,1,1,1,7.9,150.0,2,5.5,400.53,8,32,2.0,13,8,3000.0,22936
1,1,1,1,7.7,144.0,2,5.2,423.64,8,32,3.0,16,8,2600.0,30582
1,1,1,1,8.6,158.4,2,5.2,282.42,4,16,2.0,13,5,4100.0,17839
1,1,1,1,6.8,233.0,2,6.8,323.96,8,128,4.0,23,8,4600.0,59465
1,1,1,1,7.5,170.0,2,5.7,386.47,4,256,6.0,23,8,3000.0,58615
1,1,1,1,7.7,155.0,2,5.5,400.53,8,32,3.0,16,8,3000.0,38227
1,1,1,1,10.6,202.0,2,5.5,267.02,8,32,2.0,13,5,5000.0,14441
1,1,1,1,11.2,135.0,2,4.5,217.7,4,8,1.0,8,2,2070.0,9344
1,0,1,1,11.2,125.0,2,4.5,217.7,4,8,1.0,5,2,2070.0,7645
1,1,1,1,10.7,160.0,2,5.5,267.02,4,32,2.0,8,5,3010.0,12742
1,1,1,1,9.9,153.0,2,5.0,293.72,4,16,2.0,8,5,2500.0,9344
1,0,1,1,10.0,140.0,2,5.0,293.72,4,16,2.0,8,2,2070.0,19538
1,1,1,1,10.9,170.1,2,5.5,400.53,8,32,3.0,13,5,3000.0,15291
1,1,1,1,12.0,185.0,1,5.5,400.53,4,128,4.0,13,5,3000.0,42475
1,0,1,1,10.0,135.0,2,5.0,293.72,4,16,2.0,8,2,2070.0,11043
1,1,1,1,10.6,202.0,2,5.5,267.02,4,16,2.0,13,5,5000.0,14441
1,1,1,1,10.9,170.0,2,5.5,400.53,4,128,4.0,13,5,3000.0,42475
1,1,1,1,10.6,190.0,2,6.0,367.15,8,16,2.0,13,5,3000.0,25485
1,1,1,1,10.6,190.0,2,6.0,244.77,8,16,2.0,13,5,3000.0,30582
1,1,1,1,10.8,170.0,2,5.5,267.02,4,16,2.0,13,5,3000.0,18689
1,1,1,1,10.5,140.0,2,5.0,293.72,4,16,2.0,13,5,2400.0,17839
1,1,1,1,10.9,155.1,1,5.0,293.72,2,8,1.0,8,2,2500.0,9344
1,1,1,1,8.1,156.0,2,5.5,400.53,8,32,3.0,13,8,3030.0,25485
1,1,1,1,8.5,350.0,1,8.0,188.68,8,8,1.0,5,2,4000.0,23786
1,1,1,1,10.8,170.0,2,5.5,400.53,8,32,3.0,13,13,3000.0,23786
1,1,1,1,10.9,155.0,1,5.0,293.72,2,16,2.0,8,2,2500.0,15291
1,1,1,1,10.9,170.0,2,5.5,267.02,4,16,2.0,13,5,3000.0,21237
1,1,1,1,10.9,170.0,2,5.5,400.53,4,64,4.0,13,5,3000.0,31431
1,1,1,1,12.0,185.0,2,5.5,400.53,4,128,4.0,13,5,3000.0,33980
1,1,1,1,9.9,140.0,2,5.0,293.72,4,16,2.0,8,5,2500.0,6796
1,1,1,1,12.7,148.8,1,4.5,217.7,2,8,1.0,5,2,2060.0,13592
1,1,1,1,10.3,145.0,2,5.0,293.72,4,32,2.0,8,2,2110.0,17839
1,1,1,1,10.0,150.0,1,5.0,440.58,4,16,2.0,13,2,2300.0,27184
1,1,1,1,10.0,150.0,1,5.0,440.58,4,16,2.0,13,2,2300.0,21237
1,1,1,1,8.9,145.0,1,5.0,440.58,4,32,2.0,13,2,2400.0,43324
1,0,1,1,9.9,196.0,2,6.0,244.77,2,32,2.0,13,2,3230.0,16990
1,0,1,1,9.9,196.0,2,6.0,244.77,2,32,2.0,13,2,3300.0,21237
1,0,1,1,10.3,145.0,2,5.0,293.72,2,8,2.0,8,2,2110.0,10194
1,0,1,1,10.3,145.0,2,5.0,293.72,2,32,2.0,8,2,2110.0,11043
1,1,1,1,12.5,150.0,1,4.5,217.7,2,8,1.0,5,2,2060.0,25485
1,0,1,1,8.75,116.0,2,4.0,233.24,2,8,1.0,8,2,1170.0,17839
1,0,1,1,8.7,105.0,2,4.3,256.15,4,16,1.0,8,2,1500.0,24635
1,1,1,1,8.9,145.0,1,5.0,440.58,4,32,2.0,13,2,2400.0,62013
1,1,1,1,10.5,328.0,1,7.0,215.63,2,32,1.0,5,2,3950.0,18689
1,0,1,1,10.3,210.0,1,6.0,367.15,2,32,2.0,8,2,3200.0,29732
1,0,1,1,10.4,340.0,1,7.0,215.63,1,16,1.0,15,2,4270.0,22087
1,1,1,1,8.9,141.0,1,5.0,440.58,4,64,2.0,13,2,2400.0,84950
1,1,1,1,9.0,135.0,1,4.7,312.47,4,64,2.0,13,2,2140.0,38227
1,1,1,1,8.5,135.0,1,5.0,293.72,4,16,2.0,13,2,2520.0,8495
1,0,1,1,8.9,119.0,1,4.5,244.77,4,4,1.0,13,2,2100.0,16990
1,0,1,1,10.0,135.0,1,4.5,244.77,4,4,1.0,8,2,2000.0,12742
1,1,1,1,8.5,178.0,2,5.5,267.02,4,32,4.0,13,8,3000.0,21237
1,1,1,1,9.4,180.0,1,4.5,432.67,8,32,3.0,12,8,3505.0,50970
1,1,1,1,7.0,165.0,1,5.5,534.04,4,32,4.0,21,8,3000.0,45023
1,1,1,1,7.4,135.0,1,5.2,423.64,8,16,3.0,13,8,2610.0,22936
1,1,1,1,9.4,192.0,1,5.4,543.93,6,32,3.0,18,2,3410.0,38227
1,1,1,1,9.5,170.0,1,5.0,293.72,2,16,2.0,8,2,2800.0,14441
1,1,1,1,10.6,140.0,1,3.1,328.46,2,64,2.0,8,2,2100.0,50120
1,1,1,1,9.3,196.0,1,4.5,452.55,4,32,3.0,13,2,3450.0,26334
1,1,1,1,10.2,177.0,1,3.5,290.92,2,16,2.0,8,2,2515.0,24635
1,0,1,1,9.3,164.0,1,5.0,220.29,2,8,1.5,5,1,2500.0,9344
1,1,1,1,9.5,140.0,1,4.2,355.41,2,64,2.0,8,2,1800.0,33130
1,1,1,1,9.4,170.0,1,5.0,293.72,2,16,2.0,8,2,2880.0,15291
1,1,1,1,10.8,120.0,1,3.1,328.46,2,8,2.0,5,2,2180.0,12742
1,1,1,1,9.0,137.5,1,4.2,355.41,2,16,2.0,8,2,1800.0,19538
1,1,1,1,10.4,139.0,1,3.1,328.46,2,16,2.0,8,2,2100.0,14441
1,1,1,1,8.7,152.0,2,5.0,440.58,8,64,4.0,13,8,3000.0,14441
1,0,1,1,8.9,150.0,2,5.0,293.72,4,16,1.0,8,2,2000.0,6796
1,1,1,1,9.3,207.0,2,6.0,489.53,8,64,3.0,24,8,3500.0,26334
1,0,1,1,8.5,177.0,2,6.0,183.58,4,8,1.0,8,2,3000.0,9344
1,0,1,1,10.4,180.0,2,5.0,293.72,4,8,1.0,8,2,5000.0,11893
1,0,1,1,10.5,154.0,2,5.0,293.72,4,8,1.0,8,2,2100.0,10194
1,0,1,1,5.1,97.0,1,4.8,305.96,8,16,1.0,8,5,2100.0,16140
1,1,1,1,9.2,177.0,2,6.0,367.15,4,16,2.0,13,5,3200.0,17839
1,1,1,1,9.0,164.0,1,5.0,293.72,4,8,1.0,13,5,2200.0,12742
1,0,1,1,9.4,299.0,1,7.0,169.55,2,8,1.0,5,2,3000.0,11043
1,0,1,1,7.8,139.0,2,5.0,293.72,4,8,1.0,8,2,2200.0,12742
1,0,1,1,9.3,166.0,2,5.0,293.72,4,4,1.0,8,2,2000.0,9344
1,0,1,1,5.5,129.0,1,5.0,440.58,8,16,2.0,13,5,2300.0,22087
1,0,1,1,7.5,136.0,2,5.0,293.72,8,8,1.0,8,2,2000.0,12742
1,0,1,1,9.5,152.0,1,5.5,400.53,4,32,3.0,16,8,2500.0,24635
1,0,1,1,8.5,206.0,2,6.0,244.77,4,4,1.0,8,2,3000.0,15291
1,0,1,1,8.3,155.0,2,5.0,220.29,4,4,1.0,8,2,2000.0,10194
1,0,1,1,8.9,166.0,2,5.5,200.26,4,4,1.0,8,2,2350.0,11043
1,0,1,1,8.9,149.0,1,4.5,326.36,4,16,1.0,8,2,3000.0,16140
1,0,1,1,6.9,135.0,1,4.8,305.96,4,16,1.0,8,5,2000.0,13592
1,0,1,1,9.0,404.0,1,8.0,160.0,4,8,1.0,5,5,4500.0,30582
1,0,1,1,7.8,109.0,2,4.7,312.47,4,4,1.0,8,5,1800.0,11043
1,0,1,1,8.6,133.0,2,5.0,440.58,4,32,2.0,13,5,2000.0,17839
1,0,1,1,9.0,144.0,2,5.0,293.72,4,4,1.0,12,2,2000.0,11893
1,0,1,1,7.9,125.0,2,4.7,312.47,4,16,1.0,8,2,1800.0,16990
1,0,1,1,7.7,128.0,1,5.0,440.58,4,32,2.0,13,5,2020.0,20388
1,0,1,1,6.9,158.0,1,5.0,293.72,4,16,1.0,12,5,2500.0,17839
1,0,1,1,9.2,190.0,2,5.3,207.82,4,4,1.0,8,2,2800.0,11043
1,0,1,1,8.9,170.0,2,5.0,220.29,4,4,1.0,8,2,2000.0,11043
1,0,1,1,8.9,220.0,2,5.7,257.65,4,16,1.0,12,5,2600.0,19538
1,0,1,1,8.9,145.0,2,5.0,293.72,4,16,1.0,13,5,2000.0,19538
1,0,1,1,7.9,125.0,2,4.7,312.47,4,4,1.0,8,2,1800.0,15291
1,0,1,1,10.8,210.0,2,5.3,207.82,2,4,0.5,8,2,2200.0,13592
1,0,1,1,10.6,243.0,1,5.7,257.65,4,4,1.0,8,3,2800.0,18689
1,0,1,1,10.3,148.0,1,4.5,326.36,4,16,1.0,8,3,1800.0,22087
1,0,1,1,8.6,130.0,2,4.65,315.83,2,4,1.0,8,3,1600.0,17839
1,0,1,1,9.3,120.0,2,4.3,216.97,2,4,0.5,8,3,1600.0,14441
1,1,1,1,7.8,158.0,2,5.2,423.64,8,128,4.0,12,8,3100.0,31431
1,1,1,1,7.9,153.0,2,5.2,423.64,8,32,3.0,16,8,3100.0,24635
1,1,1,1,8.3,140.0,2,5.0,293.72,4,16,2.0,8,5,3080.0,13592
1,1,1,1,8.3,140.0,2,5.0,293.72,8,16,2.0,13,5,3080.0,16140
1,1,1,1,8.7,139.0,2,5.0,293.72,8,16,2.0,16,5,3050.0,18689
1,1,1,1,7.7,145.0,2,5.0,440.58,8,16,2.0,16,8,3200.0,25485
1,1,1,1,8.7,139.0,2,5.0,293.72,4,16,2.0,13,5,2850.0,17839
1,1,1,1,7.5,148.0,2,5.0,293.72,4,16,2.0,13,5,2900.0,19538
1,1,1,1,8.4,144.0,2,5.0,440.58,8,16,3.0,13,5,3120.0,22087
1,1,1,1,8.4,162.0,2,5.5,400.53,8,16,3.0,13,5,3620.0,25485
1,1,1,1,8.8,115.0,2,4.5,244.77,4,8,1.0,8,5,2470.0,15291
1,1,1,1,13.7,173.8,1,4.0,233.24,2,16,1.0,8,3,1800.0,22936
1,1,1,1,13.3,181.0,1,4.5,217.7,4,8,1.0,5,2,3000.0,28883
1,1,1,1,12.5,185.0,1,4.7,234.35,4,16,1.0,8,2,3000.0,37378
1,0,1,1,9.5,122.0,2,4.0,233.24,4,4,0.5,5,3,1400.0,6796
1,0,1,1,8.0,149.0,2,5.0,293.72,4,16,2.0,8,2,2500.0,10194
1,0,1,1,7.9,130.0,2,4.5,244.77,4,16,1.0,8,3,2000.0,8495
1,0,1,1,9.3,177.0,2,5.0,293.72,2,4,1.0,12,3,2100.0,16990
1,1,1,1,8.7,148.0,2,5.0,293.72,4,16,3.0,13,8,2500.0,10194
1,1,1,1,8.2,167.0,2,5.5,400.53,8,32,4.0,13,8,4060.0,16990
1,1,1,1,8.7,148.0,2,5.0,293.72,4,16,3.0,13,8,2500.0,17839
1,1,1,1,7.5,168.0,2,5.5,400.53,4,64,4.0,16,8,4070.0,35679
1,1,1,1,8.2,170.0,3,5.5,267.02,4,16,2.0,8,8,3050.0,9344
1,1,1,1,8.9,173.4,2,5.5,400.53,8,64,4.0,13,8,4010.0,15291
1,1,1,1,7.9,143.0,2,5.5,267.02,4,16,2.0,8,8,2500.0,15291
1,1,1,1,7.9,143.0,2,5.5,267.02,4,16,3.0,8,8,2500.0,6796
1,1,1,1,8.7,163.0,2,5.5,267.02,8,16,3.0,13,5,2500.0,16990
1,1,1,1,9.0,168.0,2,5.5,400.53,8,16,3.0,13,5,3000.0,10194
1,1,1,1,7.6,170.0,2,5.5,400.53,8,64,4.0,13,5,2800.0,32281
1,1,1,1,7.6,125.0,2,5.0,293.72,4,8,1.0,8,2,2000.0,11043
1,1,1,1,7.9,120.0,2,4.7,312.47,4,16,2.0,8,5,1800.0,15291
1,1,1,1,8.9,142.0,2,5.0,293.72,4,16,3.0,13,5,2500.0,9344
1,1,1,1,8.6,158.0,2,5.5,200.26,4,8,1.0,8,2,2500.0,13592
1,1,1,1,8.0,119.0,1,4.7,234.35,4,8,1.0,8,5,1800.0,12742
1,1,1,1,6.2,597.0,1,10.5,287.51,4,32,2.0,8,2,7000.0,39077
1,0,1,1,9.8,292.0,1,8.0,188.68,2,32,2.0,5,2,4100.0,11043
1,0,1,1,10.3,145.0,1,4.3,256.15,2,8,1.0,8,3,1520.0,38227
1,0,1,1,9.2,145.0,2,5.0,195.93,4,8,0.5,5,2,2100.0,6796
1,0,1,1,8.8,125.0,2,4.5,217.7,4,8,0.5,5,2,1600.0,5946
1,0,1,1,8.6,150.0,2,5.0,293.72,4,8,1.0,8,5,2000.0,8495
1,0,1,1,8.5,150.0,2,5.0,293.72,4,8,1.0,13,5,2000.0,16140
1,0,1,1,9.7,147.0,2,4.5,244.77,4,4,1.0,8,2,1700.0,16990
1,0,1,1,8.9,168.0,2,5.0,293.72,4,4,1.0,13,2,2000.0,18689
1,0,1,1,9.5,165.0,2,5.0,293.72,2,4,1.0,13,2,1900.0,22087
1,0,1,1,9.7,150.5,2,4.5,244.77,2,4,1.0,8,2,1700.0,18689
1,1,1,1,7.4,178.0,2,5.5,400.53,8,64,4.0,16,20,3450.0,32281
1,1,1,1,8.3,215.0,2,6.0,367.15,8,256,6.0,12,8,6020.0,39077
1,1,1,1,9.1,226.0,2,6.0,367.15,8,64,4.0,13,20,4550.0,31431
1,1,1,1,8.3,182.0,2,5.5,400.53,8,64,4.0,13,16,4010.0,23786
1,1,1,1,7.7,162.0,2,5.3,277.1,8,32,4.0,13,8,4000.0,21237
1,1,1,1,7.4,238.0,2,5.7,515.3,8,128,6.0,12,8,7000.0,97692
1,1,1,1,8.6,160.0,2,5.0,293.72,4,32,3.0,8,5,4000.0,17839
1,1,1,1,7.4,168.2,2,5.5,400.53,8,64,4.0,13,13,3000.0,31431
1,1,1,1,8.8,183.0,2,5.5,267.02,8,32,3.0,13,5,3100.0,16140
1,1,1,1,8.3,166.0,2,5.5,400.53,8,32,3.0,13,8,3150.0,23786
1,1,1,1,7.6,170.0,2,5.5,400.53,8,64,4.0,13,8,3130.0,33130
1,0,1,1,9.1,153.0,2,4.5,217.7,4,8,1.0,5,2,1800.0,7645
1,1,1,1,16.5,207.7,1,4.2,349.67,8,64,4.0,16,5,2530.0,46722
1,1,1,1,7.0,147.2,2,5.5,400.53,8,64,4.0,16,8,3000.0,38227
1,1,1,1,9.0,200.0,2,5.5,267.02,4,16,3.0,8,5,5000.0,28883
1,1,1,1,8.4,208.0,2,6.0,367.15,8,64,3.0,13,5,5020.0,35679
1,1,1,1,8.5,183.0,2,5.0,293.72,4,32,3.0,8,5,4000.0,14441
1,0,1,1,8.9,153.0,2,5.0,293.72,4,16,1.0,5,2,2000.0,7645
1,1,1,1,6.9,147.0,2,5.5,267.02,8,32,3.0,13,5,3150.0,24635
1,1,1,1,8.0,136.6,2,5.0,293.72,4,16,2.0,8,5,2400.0,11043
1,1,1,1,9.6,210.0,2,6.0,489.53,8,64,3.0,24,8,3500.0,40776
1,1,1,1,10.2,176.0,2,5.0,293.72,4,16,2.0,8,5,5000.0,18689
1,1,1,1,8.6,211.0,2,5.5,267.02,4,32,3.0,13,5,6020.0,28033
1,1,1,1,5.5,125.3,2,5.2,423.64,8,16,2.0,13,8,2700.0,33980
1,0,1,1,10.4,180.3,2,5.0,293.72,4,8,1.0,8,2,5000.0,14441
1,0,1,1,5.2,97.7,1,4.8,305.96,8,16,1.0,8,5,2050.0,20388
1,0,1,1,8.6,150.0,2,5.0,195.93,4,8,1.0,5,2,1950.0,10194
1,0,1,1,9.1,88.2,2,4.5,217.7,4,8,1.0,5,2,1800.0,8495
1,0,1,1,8.1,103.5,2,4.7,234.35,4,8,1.0,8,2,1800.0,13592
1,0,1,1,5.6,133.0,1,5.0,440.58,8,16,2.0,13,5,2300.0,22936
1,1,1,1,9.5,150.0,1,5.5,400.53,4,16,2.0,16,8,2500.0,28883
1,0,1,1,6.9,135.0,1,4.8,305.96,4,16,1.0,8,5,2000.0,16990
1,1,1,1,8.5,143.0,1,5.0,440.58,4,128,4.0,3,8,2770.0,65411
1,1,1,1,7.8,195.0,2,5.96,492.82,4,64,4.0,16,8,4150.0,59465
1,0,1,1,9.0,160.0,2,6.0,244.77,4,16,1.0,8,2,3000.0,16990
1,1,1,1,7.2,239.0,2,7.0,323.45,4,16,2.0,13,5,5000.0,33980
1,0,1,1,9.5,325.0,2,7.0,215.63,4,16,1.0,5,2,4100.0,15291
1,0,1,1,8.8,160.0,2,6.0,244.77,4,16,1.0,5,2,3000.0,22936
1,1,1,1,7.9,169.0,2,5.5,534.04,8,64,4.0,12,16,3000.0,63712
1,1,1,1,8.2,175.0,2,5.5,400.53,8,32,3.0,16,8,4000.0,28033
1,1,1,1,8.0,170.0,2,5.7,515.3,4,128,4.0,12,16,3000.0,63712
1,1,1,1,8.0,145.0,2,5.2,423.64,8,32,4.0,16,16,2500.0,39926
1,1,1,1,8.1,174.0,1,5.5,534.04,8,32,3.0,16,8,3200.0,48421
1,1,1,1,8.4,140.0,2,5.0,293.72,4,16,2.0,13,5,2200.0,16990
1,1,1,1,7.9,165.0,2,5.5,400.53,8,64,4.0,20,13,3000.0,39077
1,1,1,1,7.7,155.0,2,5.5,267.02,4,32,3.0,13,5,2700.0,22087
1,1,1,1,8.0,149.8,1,5.0,293.72,8,16,2.0,13,5,2300.0,29732
1,1,1,1,7.9,153.0,2,5.5,267.02,8,32,3.0,13,5,2800.0,18689
1,1,1,1,8.1,142.0,2,5.0,293.72,8,32,3.0,13,5,2200.0,16990
1,1,1,1,9.6,158.0,1,5.0,440.58,8,16,2.0,13,4,2840.0,33130
1,1,1,1,7.8,156.0,2,5.5,400.53,8,32,3.0,13,4,2800.0,23786
1,1,1,1,10.1,158.0,1,5.0,440.58,8,16,2.0,13,4,2840.0,22936
1,1,1,1,9.0,161.0,1,5.2,564.85,8,32,3.0,12,5,3000.0,35679
1,1,1,1,9.0,161.0,1,5.2,564.85,4,64,4.0,12,5,3000.0,42475
1,1,1,1,7.4,155.0,2,5.5,267.02,4,16,2.0,13,5,2700.0,20388
1,1,1,1,8.3,140.0,2,5.0,293.72,4,16,2.0,13,5,2200.0,16140
1,1,1,1,8.3,140.0,1,5.0,293.72,4,16,1.5,8,5,2200.0,14441
1,1,1,1,8.4,140.1,1,5.0,293.72,4,8,1.5,5,3,2000.0,5946
1,1,1,1,8.0,170.0,2,5.5,400.53,8,32,3.0,13,5,3000.0,25485
1,1,1,1,9.6,158.0,1,5.0,440.58,8,16,2.0,13,4,2840.0,22936
1,1,1,1,7.9,153.0,2,5.5,267.02,8,16,2.0,13,5,2800.0,20388
1,1,1,1,7.6,165.0,2,5.5,267.02,8,16,2.0,13,4,2600.0,26334
1,1,1,1,10.0,161.0,1,5.2,564.85,8,32,3.0,2,13,2700.0,25485
1,1,1,1,7.3,143.0,1,5.0,440.58,8,16,2.0,13,4,2150.0,25485
1,1,1,1,9.6,168.0,1,5.2,564.85,8,32,3.0,21,4,2840.0,40776
1,1,1,1,8.1,138.9,1,5.0,293.72,4,8,1.0,8,2,2000.0,16140
1,1,1,1,9.9,156.0,1,4.7,234.35,4,8,1.5,8,2,2000.0,9344
1,1,1,1,9.8,155.0,2,5.2,564.85,8,32,3.0,20,4,2840.0,28883
1,0,1,1,7.7,154.5,2,5.5,267.02,8,16,1.0,13,8,2600.0,15291
1,0,1,1,9.7,146.0,2,4.5,217.7,4,8,1.0,8,2,2000.0,11043
1,1,1,1,9.6,168.0,1,5.2,564.85,8,32,3.0,2,4,2840.0,42475
1,1,1,1,9.6,160.0,1,5.0,440.58,8,32,2.0,13,5,2840.0,28033
1,1,1,1,7.5,150.0,2,5.5,534.04,8,32,3.0,20,13,2800.0,27184
1,1,1,1,7.5,147.0,2,5.5,400.53,8,16,2.0,13,4,2800.0,27184
1,1,1,1,9.6,157.0,1,5.0,440.58,8,32,3.0,20,4,2840.0,35679
1,1,1,1,7.7,155.0,2,5.5,267.02,8,16,2.0,13,8,2600.0,31431
1,0,1,1,8.2,138.0,2,5.0,293.72,8,8,1.0,13,5,2000.0,21237
1,1,1,1,8.2,140.0,2,5.0,293.72,8,16,2.0,13,5,2000.0,15291
1,0,1,1,9.9,154.0,2,4.7,234.35,8,16,1.0,8,2,2000.0,13592
1,1,1,1,8.0,183.0,2,5.5,400.53,8,16,2.0,13,4,2600.0,16990
1,0,1,1,9.6,160.0,2,5.0,293.72,8,8,1.0,8,5,2100.0,16140
1,1,1,1,9.6,160.0,2,5.0,293.72,4,8,1.0,8,5,2100.0,15291
1,1,1,1,8.0,425.0,1,8.9,287.64,2,16,2.0,8,6,6700.0,25485
1,0,1,1,8.0,158.0,2,5.5,267.02,4,8,1.0,13,5,2600.0,22087
1,1,1,1,9.4,160.0,1,5.0,440.58,4,16,2.0,13,5,2600.0,22087
1,1,1,1,8.5,154.0,1,5.2,423.64,4,16,2.0,13,13,2400.0,32281
1,1,1,1,9.4,146.0,1,4.7,234.35,4,8,1.0,8,3,2040.0,20388
1,1,1,1,7.7,155.0,2,5.5,267.02,4,16,1.0,13,8,2600.0,22087
1,1,1,1,7.7,155.0,2,5.5,267.02,8,16,2.0,13,8,2600.0,27184
1,1,1,1,7.7,155.0,1,5.5,267.02,8,16,2.0,13,8,2600.0,28883
1,1,1,1,9.9,164.0,1,5.0,440.58,4,16,2.0,13,5,2600.0,29732
1,1,1,1,10.0,158.0,1,4.7,208.44,4,8,1.0,5,3,2100.0,16990
1,1,1,1,9.4,160.0,1,5.0,440.58,4,32,2.0,4,5,2600.0,25485
1,1,1,1,10.0,151.0,1,5.0,440.58,4,32,2.0,13,5,2700.0,21237
1,1,1,1,10.6,137.0,1,4.5,326.36,4,16,1.5,13,5,2100.0,23786
1,1,1,1,9.4,160.0,2,5.0,440.58,4,16,2.0,4,5,2600.0,25485
1,0,1,1,9.7,160.0,2,5.0,220.29,4,4,1.0,5,2,1950.0,13592
1,1,1,1,9.9,145.0,2,5.0,440.58,4,16,2.0,13,5,2600.0,35679
1,1,1,1,10.6,137.0,1,4.5,326.36,4,16,1.0,13,5,2110.0,21237
1,0,1,1,9.2,150.0,2,5.0,293.72,8,4,1.0,8,2,2000.0,15291
1,1,1,1,9.4,160.0,1,5.0,440.58,4,32,2.0,4,5,2600.0,21237
1,1,1,1,9.4,160.0,1,5.0,440.58,4,32,2.0,4,5,2600.0,21237
1,0,1,1,7.9,165.0,2,5.5,267.02,4,8,1.5,13,5,2600.0,21237
1,1,1,1,7.9,165.0,1,5.5,267.02,4,8,1.5,13,5,2600.0,21237
1,1,1,1,9.6,143.5,1,4.7,234.35,4,8,1.0,8,3,2040.0,16990
1,0,1,1,9.8,130.0,2,4.3,216.97,2,8,1.0,8,1,2100.0,16140
1,0,1,1,10.3,149.0,2,5.0,220.29,4,8,1.0,8,1,2100.0,18689
1,0,1,1,10.3,149.0,2,5.0,220.29,4,8,1.0,8,1,2100.0,21237
1,0,1,1,9.8,130.0,1,4.3,216.97,2,8,1.0,8,1,2100.0,20388
1,1,1,1,10.3,217.0,1,5.9,373.37,4,32,2.0,4,1,3300.0,31431
1,0,1,1,9.9,123.0,2,4.3,216.97,4,4,1.0,8,6,1800.0,15291
1,1,1,1,9.3,122.0,1,4.3,341.54,2,16,1.0,4,6,1800.0,20388
1,1,0,0,9.9,120.0,1,4.3,216.97,2,8,1.0,8,6,1800.0,14441
1,1,1,1,10.6,160.0,1,5.0,440.58,4,16,2.0,4,1,3200.0,25485
1,0,1,1,9.3,130.0,2,4.5,244.77,4,8,1.0,8,6,1860.0,24635
1,1,1,1,8.9,123.9,1,4.3,341.54,2,16,1.0,5,6,2000.0,16990
1,0,1,1,10.4,156.0,2,4.68,470.71,4,32,2.0,4,1,2300.0,25485
1,1,1,1,9.3,143.0,1,4.7,468.7,4,64,2.0,4,1,2300.0,22936
1,1,1,1,9.1,140.0,1,5.0,440.58,4,16,2.0,8,1,2020.0,28033
1,1,1,1,9.7,141.7,1,5.0,440.58,4,16,2.0,8,1,2020.0,23786
1,1,0,0,9.2,122.0,1,4.3,216.97,2,8,1.0,5,6,1800.0,15291
1,1,1,1,9.2,122.0,1,4.3,216.97,2,8,1.0,5,6,1800.0,16990
1,1,1,1,8.9,135.0,1,4.7,312.47,4,64,1.0,8,6,2100.0,18689
1,1,1,1,10.1,132.1,1,4.3,341.54,2,16,1.0,8,1,1800.0,16990
1,1,1,1,10.1,130.0,1,4.3,341.54,2,16,1.0,8,1,1800.0,14441
1,0,1,1,9.5,137.0,1,4.3,256.15,2,16,1.0,8,3,1810.0,18689
1,1,0,0,11.7,132.0,1,4.0,275.36,2,8,1.0,8,3,1700.0,22936
1,1,0,0,8.9,134.0,1,4.7,312.47,2,16,1.0,8,3,2000.0,15291
1,0,0,0,9.5,138.5,1,4.7,312.47,2,16,1.0,8,3,2000.0,16990
1,0,1,1,8.9,130.0,1,4.7,312.47,4,32,1.0,8,3,1800.0,14441
1,1,1,1,8.9,129.0,1,4.7,312.47,2,16,1.0,8,3,1800.0,16140
1,1,1,1,8.9,129.0,1,4.7,312.47,2,32,1.0,8,3,1800.0,15291
1,1,1,1,11.3,163.8,1,4.5,244.77,2,16,1.0,8,3,1620.0,13592
1,1,1,1,11.3,163.8,1,4.5,244.77,2,16,1.0,8,3,1620.0,16990
1,1,0,0,13.7,170.1,1,4.3,341.54,2,16,1.0,8,2,1620.0,13592
1,1,1,1,11.2,176.9,1,4.5,244.77,2,16,1.0,8,3,1620.0,13592
1,0,1,1,11.9,147.4,1,4.0,275.36,1,4,0.75,5,3,1520.0,11893
1,0,1,1,9.9,162.5,1,4.7,198.5,1,16,0.75,8,3,1600.0,14441
1,0,1,1,11.8,172.9,1,4.3,256.15,2,16,1.0,8,2,1730.0,15291
1,1,1,1,11.2,177.0,1,4.5,244.77,2,16,1.0,8,3,1620.0,19538
1,0,0,0,12.0,130.0,1,4.0,275.36,1,4,0.75,5,3,1520.0,13592
1,1,1,1,13.0,709.0,1,10.1,149.45,2,32,1.0,8,3,7300.0,23786
1,0,1,1,9.9,160.0,1,4.7,198.5,1,16,0.5,8,3,1600.0,11893
1,0,1,1,12.2,135.0,1,4.0,233.24,1,1,0.75,8,3,1450.0,8495
1,0,1,1,12.1,170.0,1,4.3,256.15,2,1,1.0,5,3,1730.0,12742
1,0,0,0,11.9,170.1,1,4.3,256.15,2,4,1.0,5,3,1730.0,18689
1,0,1,1,11.7,135.5,1,4.0,233.24,1,1,0.75,8,3,1450.0,16140
1,0,1,1,13.2,420.8,1,7.0,169.55,1,32,1.0,5,3,4000.0,25485
1,0,0,0,13.0,425.0,1,7.0,169.55,1,32,1.0,5,3,4000.0,18689
1,1,0,0,13.0,164.0,1,4.3,216.97,1,4,0.75,8,3,1400.0,19538
1,0,1,1,12.1,160.0,1,4.3,256.15,2,4,1.0,8,3,1730.0,12742
1,0,0,0,13.0,170.0,1,4.3,216.97,1,1,0.5,8,3,1500.0,7645
1,1,1,1,7.5,155.0,2,5.15,427.75,8,64,6.0,2,8,3200.0,42475
1,1,1,1,8.4,165.0,2,5.5,267.02,8,32,3.0,12,8,4000.0,21237
1,1,1,1,7.5,310.0,1,8.0,283.02,8,32,3.0,8,8,4800.0,25485
1,1,1,1,7.1,310.0,1,10.1,224.17,8,32,3.0,8,8,6660.0,28033
1,1,1,1,6.9,169.0,2,5.5,400.53,8,128,4.0,8,20,3340.0,32281
1,1,1,1,6.9,143.0,2,5.0,440.58,8,64,4.0,8,20,2950.0,28033
1,1,1,1,8.0,350.0,1,8.0,188.68,4,16,2.0,5,2,4800.0,18689
1,1,1,1,8.4,165.0,2,5.5,267.02,8,16,2.0,12,8,4000.0,21237
1,1,1,1,8.2,143.0,2,5.0,293.72,8,16,2.0,13,5,3020.0,12742
1,1,1,1,8.4,150.0,2,5.0,293.72,4,16,2.0,13,5,3000.0,12742
1,1,1,1,8.4,150.0,2,5.0,293.72,4,16,2.0,8,5,3000.0,13592
1,1,1,1,7.0,184.0,2,5.7,515.3,8,64,6.0,12,8,4000.0,46722
1,1,1,1,7.0,165.0,2,5.5,534.04,8,64,4.0,20,8,3750.0,59465
1,1,1,1,7.0,145.0,2,5.1,431.94,8,64,4.0,20,8,3200.0,50970
1,1,1,1,7.6,147.0,2,5.2,423.64,8,16,3.0,12,8,3000.0,16990
1,1,1,1,7.8,145.0,2,5.09,577.05,8,64,4.0,12,8,2900.0,50970
1,1,1,1,7.6,138.0,2,5.0,293.72,8,16,2.0,13,5,3020.0,21237
1,1,1,1,7.5,169.0,2,5.5,534.04,8,64,4.0,20,8,4000.0,72207
1,1,1,1,7.5,169.0,2,5.5,534.04,8,256,6.0,20,8,4000.0,118930
1,1,1,1,7.9,190.0,2,5.9,373.37,8,64,4.0,20,8,4000.0,53518
1,1,1,1,7.8,170.0,2,5.7,386.47,8,32,4.0,12,8,3500.0,38227
1,1,1,1,7.9,145.0,2,5.0,293.72,8,16,3.0,13,5,4100.0,16990
1,1,1,1,8.1,340.0,1,8.0,283.02,8,32,3.0,8,2,4800.0,19538
1,1,1,1,8.2,162.0,2,5.5,400.53,8,32,3.0,12,8,3340.0,17839
1,1,1,1,7.3,160.0,2,5.5,400.53,8,32,3.0,16,8,3340.0,35679
1,1,1,1,7.1,146.0,2,5.0,440.58,8,32,3.0,12,8,3020.0,25485
1,1,1,1,8.5,495.0,1,10.0,226.42,8,16,2.0,8,2,6660.0,20388
1,1,1,1,8.2,250.0,2,7.0,314.7,8,16,2.0,13,5,4360.0,19538
1,1,1,1,8.5,278.0,1,7.0,169.55,4,16,1.0,2,2,4100.0,12742
1,1,1,1,7.3,160.0,2,5.5,400.53,8,32,4.0,16,8,3340.0,23786
1,1,1,1,7.2,219.0,2,6.6,445.03,8,128,4.0,13,5,4500.0,37378
1,1,1,1,7.5,153.0,2,5.2,423.64,8,64,4.0,12,8,3000.0,28883
1,1,1,1,9.0,140.0,2,5.0,293.72,4,16,2.0,13,5,2200.0,10194
1,0,1,1,8.5,278.0,1,7.0,169.55,4,16,2.0,5,2,4100.0,8495
1,1,1,1,8.3,156.0,2,5.2,423.64,8,16,2.0,13,8,3000.0,14441
1,1,1,1,9.9,150.0,2,4.5,217.7,4,8,1.0,5,2,2100.0,6796
1,1,1,1,8.9,135.0,2,5.0,293.72,4,8,1.0,8,2,2200.0,9344
1,1,1,1,7.5,147.0,2,5.2,423.64,8,16,3.0,13,8,3000.0,21237
1,1,1,1,7.0,162.0,2,5.5,400.53,8,64,4.0,12,8,3400.0,49271
1,1,1,1,7.0,144.0,2,5.2,423.64,8,32,3.0,12,8,3000.0,33980
1,1,1,1,9.7,160.0,2,5.0,293.72,4,16,2.0,13,5,4000.0,11893
1,1,1,1,7.4,500.0,1,10.1,224.17,8,16,2.0,13,5,6660.0,26334
1,1,1,1,7.6,135.0,2,5.0,293.72,8,16,2.0,13,5,2200.0,16990
1,1,1,1,7.9,185.0,1,6.0,367.15,8,32,3.0,16,8,4000.0,36528
1,1,1,1,7.5,167.0,2,5.5,400.53,8,32,3.0,13,5,3000.0,23786
1,1,1,1,8.2,158.0,2,5.5,400.53,8,16,2.0,13,5,3000.0,25485
1,1,1,1,9.7,160.0,2,5.0,293.72,4,16,2.0,13,5,4000.0,16140
1,1,1,1,7.3,178.0,1,5.7,515.3,8,128,3.0,3,8,3450.0,38227
1,1,1,1,7.2,156.0,2,5.5,400.53,8,128,3.0,13,8,2700.0,29732
1,1,1,1,7.8,160.0,2,5.2,423.64,8,32,3.0,13,13,3100.0,26334
1,1,1,1,8.5,125.0,2,5.0,293.72,4,8,2.0,8,2,2200.0,7645
1,1,1,1,8.5,157.0,2,5.2,423.64,8,64,3.0,20,8,3100.0,25485
1,1,1,1,7.8,330.0,1,8.0,283.02,8,16,2.0,8,2,4800.0,21237
1,1,1,1,10.0,141.5,2,4.5,217.7,4,8,1.0,5,2,2000.0,9344
1,0,1,1,9.6,160.0,2,5.0,195.93,4,4,1.0,8,2,2000.0,11043
1,0,1,1,8.8,162.0,2,5.0,293.72,8,8,2.0,13,5,2550.0,14441
1,1,1,1,7.7,131.0,2,5.0,293.72,8,16,2.0,13,5,2200.0,19538
1,1,1,1,7.7,131.0,2,5.0,293.72,8,16,2.0,13,5,2200.0,14441
1,1,1,1,6.8,228.0,2,6.8,323.96,8,64,3.0,13,5,4360.0,35679
1,1,1,1,6.4,144.0,2,5.2,423.64,8,64,3.0,13,8,2680.0,22936
1,1,1,1,8.4,150.0,1,5.0,293.72,4,8,1.0,5,2,2200.0,14441
1,1,1,1,10.2,178.0,2,5.0,195.93,4,4,1.0,5,2,2000.0,11893
1,0,1,1,10.9,118.0,2,4.0,244.91,4,4,0.5,5,2,1730.0,7645
1,1,1,1,9.2,173.0,2,6.0,244.77,4,8,1.0,8,2,3500.0,16990
1,1,1,1,7.5,165.0,2,5.5,400.53,8,1,3.0,8,8,3600.0,27184
1,1,1,1,7.9,185.0,2,6.0,367.15,8,64,3.0,13,5,4100.0,42475
1,1,1,1,8.7,165.0,2,5.5,267.02,8,8,2.0,13,5,3000.0,16990
1,0,1,1,9.4,156.0,2,5.0,293.72,4,16,1.0,8,2,2000.0,8495
1,1,1,1,8.3,433.0,1,9.6,157.23,4,8,1.0,5,2,4800.0,15291
1,1,1,1,8.5,160.0,2,5.0,293.72,4,8,1.0,8,2,2000.0,8495
1,1,1,1,8.5,160.0,1,5.0,293.72,4,8,1.0,8,2,2000.0,15291
1,1,1,1,9.5,153.0,1,4.5,217.7,4,4,1.0,5,2,2000.0,11043
1,1,1,1,7.6,165.0,1,5.5,267.02,4,16,2.0,13,5,3000.0,22087
1,1,1,1,7.9,185.0,1,6.0,367.15,8,16,2.0,13,5,4100.0,28883
1,0,1,1,9.4,156.0,2,5.0,293.72,4,16,1.0,8,2,2000.0,11043
1,1,1,1,7.5,130.0,2,5.0,440.58,8,32,3.0,13,5,3100.0,24635
1,0,1,1,8.9,162.0,2,5.5,400.53,8,32,2.0,13,5,3000.0,16990
1,1,1,1,9.2,140.0,1,5.0,293.72,4,8,1.0,8,5,2300.0,16990
1,1,1,1,7.9,145.0,1,4.5,244.77,4,8,1.0,5,1,2000.0,9344
1,0,1,1,7.8,160.0,1,5.0,293.72,4,4,1.0,8,1,2000.0,14441
1,1,1,1,6.5,124.0,2,5.0,440.58,4,16,2.0,13,8,2500.0,21237
1,1,1,1,7.8,115.0,1,4.5,244.77,4,8,1.0,8,5,2000.0,15291
1,1,1,1,7.9,115.0,1,4.5,244.77,4,8,1.0,8,5,2000.0,20388
1,0,1,1,7.5,115.0,1,4.5,244.77,4,4,1.0,8,5,2000.0,21237
1,1,1,1,7.9,329.0,1,8.0,188.68,4,8,1.0,5,1,4800.0,25485
1,0,1,1,6.5,120.0,2,4.7,312.47,4,16,2.0,8,5,2000.0,25485
1,1,1,1,9.5,202.0,1,6.1,240.75,4,16,2.0,13,5,4050.0,28033
1,0,1,1,8.9,162.0,2,5.5,267.02,8,16,2.0,13,5,3000.0,21237
1,0,1,1,9.2,140.0,2,5.0,293.72,4,8,2.0,8,5,2300.0,11893
1,1,1,1,9.3,150.0,1,5.0,293.72,2,8,1.0,8,1,2400.0,21237
1,0,1,1,9.9,138.0,1,4.7,312.47,4,8,2.0,13,3,2150.0,19538
1,0,1,1,9.0,155.0,2,5.0,293.72,4,8,2.0,8,3,2150.0,16140
1,0,1,1,6.2,120.0,2,4.7,312.47,4,16,2.0,8,5,2000.0,19538
1,1,1,1,8.4,122.0,1,4.7,312.47,4,16,1.0,13,3,2420.0,17839
1,0,1,1,10.5,145.0,1,4.5,326.36,4,8,1.0,8,3,2150.0,21237
1,0,1,1,9.9,198.0,1,6.1,240.75,4,8,2.0,8,1,4050.0,19538
1,0,1,1,9.4,170.0,1,5.0,440.58,4,32,2.0,13,3,3000.0,26334
1,0,1,1,10.5,145.0,1,4.5,326.36,4,8,2.0,8,3,2230.0,12742
1,1,1,1,9.9,135.0,1,4.3,256.15,2,4,1.0,8,3,2000.0,12742
1,0,1,1,7.7,110.0,1,4.3,256.15,2,4,1.0,8,3,1670.0,14441
1,1,1,1,8.8,580.0,1,10.0,226.42,4,64,2.0,8,3,6600.0,28033
1,0,1,1,8.9,132.0,1,4.5,326.36,2,8,1.0,8,3,2600.0,29732
1,0,1,1,8.9,132.0,1,4.5,326.36,2,8,1.0,8,3,1800.0,17839
1,0,1,1,10.9,150.0,1,4.5,326.36,4,8,1.0,8,3,2600.0,22087
1,0,1,1,8.9,130.0,1,4.5,326.36,4,8,1.0,8,3,1800.0,24635
1,0,1,1,6.7,130.0,1,4.3,256.15,2,4,1.0,8,3,1800.0,22087
1,0,1,1,10.5,390.0,1,7.0,215.63,2,8,1.0,5,3,4100.0,12742
1,1,1,1,9.6,150.0,2,5.0,293.72,4,16,2.0,8,2,2500.0,14441
1,1,1,1,9.9,141.0,1,4.5,244.77,2,16,1.0,8,2,2100.0,15291
1,0,1,1,6.3,112.0,2,5.0,293.72,8,8,1.0,8,8,1900.0,11893
1,0,1,1,9.2,138.0,2,4.5,217.7,4,4,1.0,5,2,1700.0,6796
1,0,1,1,9.9,143.0,1,5.0,440.58,4,16,1.0,13,5,2300.0,16990
1,0,1,1,9.1,126.5,2,4.3,256.15,2,4,0.5,8,2,1800.0,13592
1,0,1,1,9.0,200.0,2,5.0,220.29,4,4,1.0,8,2,2000.0,13592
1,0,1,1,10.7,280.0,2,5.9,158.13,2,4,0.5,8,3,2500.0,13592
1,1,1,1,14.0,200.0,1,4.5,326.36,4,16,2.0,8,2,3100.0,27184
1,1,1,1,13.2,187.1,1,4.5,326.36,4,16,2.0,8,2,3100.0,25485
1,1,0,0,12.9,168.5,1,4.0,233.24,2,4,1.0,5,3,2500.0,22936
1,0,1,1,10.1,141.0,2,4.0,244.91,4,8,1.0,5,2,1500.0,458730
1,1,1,1,9.5,140.0,2,4.5,217.7,4,8,1.0,5,5,2000.0,518110
1,1,1,1,8.5,163.0,2,5.5,267.02,8,32,4.0,13,8,3020.0,21237
1,1,1,1,8.4,148.0,2,5.0,293.72,4,16,3.0,8,5,2620.0,13592
1,1,1,1,8.3,153.2,2,5.5,267.02,4,16,3.0,13,8,3000.0,12742
1,0,1,1,8.5,142.0,2,5.0,293.72,4,8,2.0,8,5,2500.0,8495
1,1,1,1,7.9,133.0,2,5.0,293.72,4,16,3.0,13,5,2900.0,12742
1,1,1,1,7.6,128.0,2,5.0,293.72,4,16,2.0,13,8,2500.0,10194
1,0,1,1,8.5,135.0,2,5.5,267.02,4,32,2.0,8,5,2560.0,13592
1,0,1,1,9.2,152.0,2,5.0,195.93,4,8,1.0,8,2,2200.0,9344
1,0,1,1,8.6,160.0,2,5.0,293.72,8,8,1.0,8,3,2500.0,11043
1,0,1,1,10.2,174.0,2,5.0,293.72,4,8,1.0,10,2,4000.0,11043
1,0,1,1,7.7,134.0,2,5.0,293.72,4,8,1.0,8,5,2100.0,9344
1,0,1,1,7.9,116.0,2,4.7,312.47,4,16,1.0,13,3,2000.0,12742
1,0,1,1,8.9,138.0,2,4.5,217.7,4,8,1.0,8,2,2100.0,8495
1,0,1,1,9.8,177.0,2,5.5,267.02,4,4,1.0,8,2,2600.0,12742
1,0,1,1,7.5,114.0,2,4.7,312.47,4,4,1.0,8,3,2000.0,15291
1,0,1,1,8.4,140.0,2,5.0,293.72,4,4,1.0,8,2,2000.0,14441
1,0,1,1,10.5,175.0,2,5.0,220.29,2,4,0.5,15,3,2000.0,7645
1,1,1,1,7.5,168.0,2,5.5,400.53,10,32,4.0,13,8,4000.0,23786
1,1,1,1,7.5,175.0,2,5.5,400.53,4,32,4.0,16,8,4070.0,23786
1,1,1,1,7.5,153.0,2,5.5,400.53,8,32,3.0,16,8,3000.0,16990
1,1,1,1,7.5,175.0,2,5.5,400.53,4,64,4.0,16,8,4070.0,28033
1,1,1,1,8.0,185.0,2,5.7,515.3,4,64,4.0,21,8,3100.0,29732
1,1,1,1,7.5,153.0,2,5.5,400.53,10,32,4.0,21,8,3000.0,22087
1,1,1,1,7.5,153.0,2,5.5,400.53,10,64,3.0,16,8,3000.0,16140
1,1,1,1,9.0,204.0,2,6.33,464.01,8,128,4.0,21,4,3400.0,29732
1,1,1,1,7.6,169.0,2,5.5,400.53,8,32,3.0,13,5,3000.0,17839
1,1,1,1,7.0,475.0,1,10.1,224.17,8,16,3.0,8,5,7000.0,20388
1,1,1,1,8.3,500.0,1,10.1,149.45,4,32,2.0,5,2,7000.0,11893
1,1,1,1,7.0,300.0,1,8.0,283.02,8,16,3.0,8,5,4850.0,16140
1,1,1,1,8.2,310.0,1,8.0,188.68,4,32,2.0,5,2,4850.0,8495
1,1,1,1,8.9,329.0,1,8.0,283.02,8,16,3.0,8,5,4250.0,14441
1,1,1,1,7.7,160.0,2,5.5,400.53,4,64,6.0,13,8,3100.0,38227
1,1,1,1,8.8,142.0,2,5.0,293.72,4,16,2.0,8,2,2300.0,11043
1,1,1,1,8.8,142.0,2,5.0,293.72,4,16,1.0,8,2,2300.0,9344
1,1,1,1,9.9,144.0,2,4.5,207.32,4,8,1.0,5,2,2000.0,6796
1,0,1,1,9.9,146.0,2,4.5,217.7,4,8,1.0,5,2,2000.0,5946
1,1,1,1,8.3,177.0,2,5.5,400.53,8,32,4.0,13,5,5100.0,20388
1,1,1,1,8.4,169.0,2,5.5,400.53,8,32,4.0,16,8,4000.0,21237
1,1,1,1,9.3,145.0,2,5.0,440.58,8,16,2.0,13,8,4000.0,14441
1,1,1,1,8.2,140.0,2,5.0,440.58,8,32,2.0,13,8,3000.0,16990
1,1,1,1,179.0,637.0,1,10.1,298.9,8,32,3.0,13,5,9300.0,25485
1,1,1,1,9.6,155.6,2,5.0,293.72,4,16,2.0,8,5,3500.0,14441
1,1,1,1,8.6,139.0,2,5.0,293.72,4,16,1.0,8,5,2750.0,16990
1,1,1,1,9.6,218.0,2,6.4,344.2,8,32,3.0,13,8,4050.0,21237
1,1,1,1,9.6,225.0,2,6.4,229.47,4,32,3.0,13,5,4050.0,19538
1,1,1,1,10.7,259.0,2,6.4,458.94,8,64,4.0,16,8,4050.0,46722
1,1,1,1,8.5,149.0,2,5.0,440.58,4,64,4.0,13,8,3500.0,18689
1,1,1,1,9.0,166.0,2,5.0,195.93,4,8,1.0,5,2,2300.0,7645
1,1,1,1,7.5,145.0,2,5.2,423.64,4,64,4.0,13,8,3100.0,44174
1,0,1,1,8.9,509.0,1,10.1,224.17,4,32,2.0,8,5,7000.0,23786
1,1,1,1,8.9,329.0,1,8.0,188.68,4,16,2.0,5,2,4290.0,10194
1,1,1,1,8.8,260.0,1,7.0,169.55,4,16,1.0,2,2,3450.0,6796
1,1,1,1,8.0,142.0,2,5.0,440.58,8,16,2.0,13,5,2750.0,11893
1,1,1,1,8.0,142.0,2,5.0,293.72,8,16,2.0,13,5,2750.0,10194
1,1,1,1,8.0,150.0,2,5.5,400.53,8,16,2.0,13,5,2900.0,15291
1,1,1,1,9.9,189.0,2,5.5,400.53,8,32,3.0,13,5,4900.0,22087
1,1,1,1,8.5,165.0,2,5.5,400.53,8,32,4.0,13,8,3500.0,16140
1,1,1,1,8.0,142.0,2,5.0,440.58,8,16,2.0,13,5,2750.0,9344
1,1,1,1,8.6,129.0,2,5.0,440.58,8,16,2.0,13,8,2700.0,17839
1,1,1,1,9.2,158.0,2,5.5,400.53,8,16,3.0,13,5,3300.0,16140
1,1,1,1,9.3,175.0,2,5.5,400.53,6,64,3.0,21,8,3500.0,25485
1,1,1,1,8.8,140.0,2,5.0,293.72,4,8,1.0,8,2,2300.0,9344
1,1,1,1,4.7,666.8,1,10.1,298.9,4,64,4.0,13,5,200.0,40776
1,1,1,1,8.9,250.0,2,6.98,210.4,4,16,1.0,13,5,4250.0,15291
1,1,1,1,7.6,229.0,2,6.8,323.96,8,32,2.0,13,5,3500.0,21237
1,1,1,1,9.9,189.0,2,5.5,400.53,8,32,2.0,13,5,5000.0,32281
1,1,1,1,8.2,128.0,2,5.0,293.72,4,16,2.0,13,5,2300.0,13592
1,1,1,1,8.2,128.0,2,5.0,293.72,4,8,1.0,8,2,2300.0,12742
1,1,1,1,9.3,148.0,2,5.0,293.72,4,16,2.0,8,5,4000.0,9344
1,1,1,1,7.8,132.0,2,5.0,440.58,8,32,3.0,13,8,2420.0,22936
1,1,1,1,8.9,175.0,2,5.5,400.53,4,64,3.0,13,8,4100.0,27184
1,1,1,1,9.9,137.0,2,4.5,217.7,4,8,1.0,5,2,2000.0,5946
1,1,1,1,9.0,157.0,2,5.0,195.93,8,4,0.5,5,2,2300.0,5946
1,1,1,1,8.5,158.0,2,5.5,400.53,4,64,4.0,13,5,4000.0,23786
1,1,1,1,7.7,128.0,2,5.0,293.72,4,8,2.0,13,5,2150.0,23786
1,1,1,1,8.2,128.0,2,5.0,293.72,4,16,2.0,8,2,2300.0,9344
1,1,1,1,8.0,150.0,2,5.5,400.53,8,16,2.0,13,5,3000.0,12742
1,1,1,1,7.3,145.0,2,5.0,440.58,8,32,3.0,16,8,3000.0,25485
1,1,1,1,8.0,140.0,2,5.5,400.53,8,16,2.0,13,5,2900.0,16140
1,1,1,1,8.0,140.0,2,5.5,267.02,8,8,2.0,8,5,2900.0,12742
1,0,1,1,10.0,160.0,2,5.0,293.72,4,8,1.0,8,2,4000.0,12742
1,1,1,1,8.9,509.0,1,10.1,224.17,4,16,2.0,8,5,7000.0,15291
1,1,1,1,8.9,360.0,2,8.0,188.68,4,16,1.0,5,2,4290.0,10194
1,1,1,1,8.9,149.0,2,5.0,293.72,8,16,2.0,13,5,4000.0,20388
1,1,1,1,8.2,128.0,2,5.0,293.72,4,8,1.0,8,2,2300.0,8495
1,1,1,1,8.5,156.0,1,5.5,400.53,4,32,2.0,13,5,4000.0,38227
1,1,1,1,7.0,140.0,2,5.3,415.64,8,32,2.0,13,13,2410.0,28033
1,1,1,1,7.9,128.0,2,5.0,293.72,4,16,1.0,8,2,2300.0,6796
1,1,1,1,8.7,173.0,2,5.5,267.02,8,8,1.0,13,2,2500.0,13592
1,1,1,1,9.0,175.0,2,5.5,267.02,4,8,1.0,8,6,2500.0,17839
1,0,1,1,10.2,130.0,2,4.0,233.24,2,4,0.5,5,2,1500.0,5946
1,1,1,1,6.9,129.0,2,5.0,293.72,4,32,2.0,13,8,2300.0,22087
1,0,1,1,8.1,129.0,2,5.0,293.72,4,8,1.0,8,2,2150.0,14441
1,1,1,1,9.1,170.0,1,5.0,195.93,4,8,1.0,8,2,2000.0,10194
1,1,1,1,0.0,948.0,1,13.3,220.84,4,32,2.0,8,6,9600.0,34829
1,1,1,1,7.2,619.0,1,10.1,224.17,4,16,2.0,8,6,9600.0,25485
1,0,1,1,7.0,419.0,1,8.0,283.02,4,16,2.0,8,6,6400.0,19538
1,1,1,1,7.9,299.0,1,8.0,283.02,4,16,2.0,8,6,4290.0,12742
1,1,1,1,7.3,120.0,2,5.0,440.58,8,32,2.0,13,5,2300.0,22936
1,1,1,1,7.7,179.0,2,6.0,489.53,4,32,3.0,16,5,4000.0,36528
1,1,1,1,9.0,180.0,1,5.0,293.72,8,16,2.0,13,5,2500.0,12742
1,0,1,1,7.9,146.0,2,5.3,277.1,8,8,1.0,13,5,2000.0,12742
1,0,1,1,8.7,171.5,2,6.0,244.77,8,8,1.0,8,6,3000.0,15291
1,0,1,1,10.0,148.0,2,5.0,195.93,4,8,1.0,5,2,2000.0,8495
1,0,1,1,9.0,550.0,1,10.1,149.45,4,32,1.0,5,2,6340.0,16140
1,0,1,1,8.9,360.0,1,8.0,188.68,4,16,1.0,5,2,4200.0,11893
1,0,1,1,9.9,320.0,1,7.0,215.63,4,16,1.0,5,2,3450.0,10194
1,0,1,1,8.1,615.0,1,10.1,224.17,4,32,2.0,8,6,9000.0,22087
1,0,1,1,10.3,190.0,2,5.3,277.1,4,16,2.0,8,6,4000.0,21237
1,0,1,1,8.2,140.0,2,5.0,293.72,4,16,1.0,13,5,2000.0,16990
1,0,1,1,9.2,163.3,2,5.0,293.72,4,8,1.0,8,6,2250.0,11893
1,0,1,1,8.7,170.0,2,6.0,244.77,4,8,1.0,8,6,3000.0,18689
1,1,1,1,7.9,145.2,1,5.5,400.53,4,16,2.0,13,5,3000.0,40776
1,0,1,1,8.1,605.0,1,10.1,149.45,4,32,1.0,5,6,9000.0,18689
1,0,1,1,7.3,401.0,1,8.0,188.68,4,32,1.0,5,6,6000.0,16140
1,0,1,1,6.9,121.0,1,5.0,440.58,4,32,2.0,13,5,2000.0,35679
1,0,1,1,7.6,244.9,1,7.0,215.63,4,16,1.0,5,6,3450.0,11043
1,0,1,1,9.0,143.0,2,4.7,312.47,4,8,1.0,12,2,2000.0,19538
1,0,1,1,7.9,159.0,2,5.3,277.1,4,4,1.0,8,2,2250.0,21237
1,0,1,1,6.9,162.0,1,5.5,400.53,2,32,2.0,13,2,2500.0,30582
1,0,1,1,9.9,140.0,2,4.5,244.77,2,4,0.5,8,1,2000.0,19538
1,0,1,1,9.6,193.5,1,5.0,293.72,4,8,1.0,8,2,2250.0,24635
1,0,0,0,13.3,750.0,1,10.1,149.45,2,32,1.0,5,2,7400.0,28033
1,1,1,1,9.3,166.5,1,5.2,423.64,8,32,2.0,16,5,4100.0,33980
1,1,1,1,7.9,163.0,2,5.7,564.9,4,128,4.0,13,5,3300.0,63712
1,1,1,1,7.4,150.0,1,5.7,386.47,8,32,2.0,13,5,3080.0,22087
1,1,1,1,7.4,149.0,2,5.7,257.65,8,16,3.0,13,5,3200.0,16990
1,1,1,1,7.6,141.8,1,5.3,277.1,4,16,1.5,8,5,2800.0,7645
1,1,1,1,7.9,140.0,1,5.3,277.1,4,16,2.0,13,5,2700.0,13592
1,1,1,1,7.9,144.0,2,5.3,277.1,8,16,2.0,13,5,2800.0,17839
1,1,1,1,8.0,144.0,2,5.0,293.72,4,16,1.5,13,5,2500.0,13592
1,1,1,1,7.9,138.0,2,5.0,195.93,4,8,1.0,5,5,2500.0,10194
1,1,1,1,9.5,132.0,2,4.5,217.7,4,8,1.0,5,2,2100.0,8495
1,1,1,1,6.7,510.0,1,10.1,224.17,8,32,2.0,5,5,6000.0,28883
1,1,1,1,7.6,174.0,2,5.7,515.3,4,64,4.0,16,5,3200.0,47572
1,1,1,1,6.9,122.0,1,5.0,293.72,4,16,1.5,8,5,2100.0,15291
1,1,1,1,7.2,133.0,1,5.5,267.02,4,16,2.0,13,5,2800.0,13592
1,1,1,1,8.9,150.0,2,5.5,534.04,6,32,3.0,3,8,3000.0,40776
1,1,1,1,7.9,139.0,2,5.3,277.1,4,16,2.0,13,5,4100.0,20388
1,1,1,1,6.9,121.0,2,5.0,293.72,4,16,1.5,8,5,2100.0,16990
1,1,1,1,7.4,146.0,2,5.7,386.47,8,32,2.0,16,8,3000.0,21237
1,1,1,1,7.4,144.6,1,5.7,257.65,4,16,2.0,13,5,3000.0,12742
1,1,1,1,8.9,128.0,2,5.0,195.93,4,8,1.0,5,2,1900.0,10194
1,1,1,1,7.3,156.0,2,5.3,554.19,8,32,3.0,16,8,2800.0,29732
1,1,1,1,7.7,159.0,2,5.3,554.19,4,32,4.0,16,8,2800.0,38227
1,1,1,1,6.9,118.0,1,5.2,423.64,8,16,2.0,13,8,2520.0,27184
1,1,1,1,7.1,120.0,2,4.93,297.89,4,16,2.0,13,8,2300.0,15291
1,1,1,1,8.7,157.0,2,5.0,293.72,4,16,1.5,8,5,2125.0,12742
1,1,1,1,7.4,145.0,2,5.7,257.65,4,16,1.5,13,8,3000.0,16140
1,1,1,1,8.8,142.0,2,5.3,277.1,4,16,1.0,13,5,2300.0,14441
1,1,1,1,9.1,161.0,2,5.0,195.93,4,8,1.0,5,5,2125.0,9344
1,1,1,1,8.9,120.0,2,4.5,217.7,4,8,1.0,5,2,1940.0,8495
1,0,1,1,9.3,158.0,2,5.5,267.02,8,16,1.0,13,8,3000.0,16140
1,1,1,1,9.7,169.8,1,5.7,386.47,8,16,2.0,13,5,3000.0,16140
1,1,1,1,8.6,192.0,2,5.7,515.3,6,64,4.0,16,5,3000.0,21237
1,1,1,1,7.9,136.0,1,5.2,423.64,6,32,2.0,3,5,2700.0,22936
1,1,1,1,7.4,150.0,1,5.0,293.72,4,16,1.5,13,8,2050.0,16140
1,1,1,1,7.8,489.0,1,10.1,224.17,4,16,2.0,5,2,7400.0,21237
1,1,1,1,9.0,347.0,1,8.0,188.68,4,32,1.5,5,2,4200.0,25485
1,0,1,1,9.6,155.0,2,5.0,195.93,4,8,1.0,8,5,2540.0,11043
1,1,1,1,9.9,139.0,2,5.2,423.64,8,8,1.5,8,5,2300.0,13592
1,1,1,1,10.2,136.0,1,5.0,293.72,4,8,1.0,8,5,2540.0,12742
1,1,1,1,9.8,155.0,2,5.5,534.04,6,32,3.0,16,8,3000.0,23786
1,1,1,1,9.8,155.0,1,5.5,534.04,6,32,3.0,16,8,3000.0,25485
1,1,1,1,9.4,165.9,1,5.7,257.65,4,8,1.0,8,5,3000.0,15291
1,1,1,1,9.6,163.0,1,5.7,257.65,4,8,1.0,13,5,3000.0,21237
1,1,1,1,10.0,135.0,1,5.0,293.72,4,16,1.5,8,1,2610.0,18689
1,1,1,1,10.1,137.0,2,5.0,293.72,4,8,1.0,8,5,2540.0,11893
1,1,1,1,10.0,124.4,2,4.7,312.47,4,8,1.0,8,1,2100.0,10194
1,1,1,1,9.4,152.0,1,5.5,400.53,8,16,2.0,13,1,3000.0,22936
1,1,1,1,8.9,149.0,2,5.5,534.04,4,32,3.0,13,1,3000.0,21237
1,1,1,1,9.5,182.0,1,5.9,373.37,8,32,2.0,13,1,3000.0,21237
1,0,1,1,10.2,163.0,2,5.5,200.26,4,8,1.0,13,3,3000.0,20388
1,0,1,1,10.7,137.0,2,5.0,195.93,4,8,1.0,8,1,2540.0,8495
1,1,1,1,10.0,344.0,1,8.0,188.68,4,32,1.0,5,3,4200.0,20388
1,1,1,1,9.1,167.0,1,5.7,257.65,4,8,1.5,8,3,3200.0,22936
1,1,1,1,9.8,146.8,1,5.2,423.64,4,32,2.0,13,1,2610.0,30582
1,1,0,0,9.1,168.1,1,5.7,257.65,4,8,1.5,8,3,3200.0,25485
1,1,1,1,9.1,154.0,1,5.5,534.04,4,32,3.0,13,1,3000.0,28033
1,1,1,1,10.3,134.0,1,5.0,293.72,4,8,1.0,8,3,2540.0,16140
1,1,1,1,8.9,149.7,1,5.5,534.04,4,32,3.0,13,1,3000.0,25485
1,1,1,1,8.9,149.0,1,5.5,534.04,4,16,2.0,13,1,3000.0,25485
1,1,0,0,8.9,535.8,1,10.1,149.45,4,16,1.0,5,3,8000.0,22936
1,0,1,1,9.7,138.0,1,5.0,186.59,2,8,1.0,8,3,2540.0,12742
1,1,1,1,9.8,121.0,1,4.7,234.35,4,8,1.0,13,3,2440.0,20388
1,1,1,1,9.8,121.0,1,4.7,234.35,4,8,1.0,8,3,2440.0,15291
1,0,1,1,9.8,121.0,2,4.7,234.35,4,8,1.0,8,3,2440.0,13592
1,0,1,1,9.7,126.0,1,4.7,234.35,4,8,1.0,5,3,2540.0,14441
1,1,1,1,8.3,172.0,1,5.9,373.37,4,32,3.0,13,1,3200.0,26334
1,1,1,1,9.2,167.0,1,5.5,400.53,4,32,2.0,13,1,3140.0,21237
1,1,1,1,8.6,130.0,1,4.95,445.03,4,32,2.0,8,3,2300.0,22087
1,1,1,1,8.7,177.0,1,6.0,244.77,4,32,2.0,13,1,3500.0,30582
1,0,1,1,9.4,161.0,1,5.5,200.26,2,8,1.0,8,3,3140.0,21237
1,0,1,1,9.4,161.0,2,5.5,200.26,2,8,1.0,8,3,3140.0,20388
1,1,1,1,8.9,143.0,1,5.2,423.64,4,32,2.0,13,1,3000.0,22936
1,0,1,1,9.0,120.0,1,4.7,312.47,2,8,1.0,8,3,2150.0,21237
1,0,1,1,9.4,141.2,1,4.7,312.47,4,16,2.0,13,3,2280.0,22936
1,1,0,0,9.8,129.0,1,4.3,256.15,2,8,1.0,5,3,2460.0,22936
1,1,1,1,9.6,133.2,1,4.7,312.47,2,8,1.0,8,3,2540.0,12742
1,1,1,1,10.2,126.0,1,4.5,244.77,2,4,1.0,5,3,2460.0,16990
1,1,1,1,9.3,131.0,1,4.3,256.15,2,8,1.0,5,3,2150.0,18689
1,1,1,1,9.4,172.0,1,5.5,400.53,4,32,2.0,13,1,3140.0,33980
1,0,1,1,9.1,139.0,1,4.7,317.6,4,16,2.0,8,3,2100.0,21237
1,1,1,1,9.1,148.0,1,4.7,312.47,2,16,1.0,8,3,2150.0,14441
1,1,1,1,8.4,147.1,1,4.7,317.6,4,16,2.0,8,3,2100.0,21237
1,1,1,1,8.5,144.9,1,4.7,317.6,4,32,2.0,13,3,2100.0,40776
1,1,1,1,8.5,145.0,1,4.7,317.6,4,32,2.0,13,3,2100.0,13592
1,1,0,0,8.4,168.1,1,5.0,256.0,2,32,1.0,8,3,2080.0,16140
1,1,1,1,9.0,128.0,1,4.3,256.15,2,4,1.0,5,3,2150.0,15291
1,0,1,1,8.5,168.0,1,5.0,256.0,4,32,1.0,8,3,2100.0,17839
1,1,0,0,8.9,145.0,1,4.7,312.47,2,16,2.0,8,3,2150.0,17839
1,1,1,1,10.4,135.0,1,4.5,326.36,2,4,1.0,8,3,1830.0,18689
1,0,1,1,8.9,133.0,1,4.7,312.47,4,16,1.0,8,3,2150.0,18689
1,1,0,0,8.5,168.0,1,5.0,256.0,2,32,1.0,8,3,2080.0,20388
1,1,0,0,10.4,141.5,1,4.5,326.36,2,4,1.0,8,3,1830.0,11043
1,0,1,1,8.5,138.0,1,4.3,216.97,2,8,1.0,8,3,1540.0,17839
1,1,1,1,10.5,135.0,1,4.5,326.36,2,2,1.0,8,3,1830.0,18689
1,1,0,0,10.4,135.0,1,4.5,326.36,2,4,1.0,8,3,1830.0,10194
1,1,0,0,10.4,139.0,1,4.5,326.36,2,4,1.0,8,3,1830.0,11893
1,1,0,0,13.0,172.0,1,4.3,216.97,1,8,0.5,5,3,1500.0,12742
1,0,0,0,9.0,112.0,1,4.0,233.24,1,4,0.5,5,2,1500.0,7645
1,0,1,1,9.2,109.0,1,4.0,233.24,1,2,0.5,5,2,1500.0,11893
1,0,1,1,9.2,109.0,1,4.0,233.24,1,2,0.5,5,2,1500.0,9344
1,0,1,1,10.9,139.0,1,4.0,233.24,2,8,0.5,8,3,1500.0,12742
1,0,1,1,10.9,139.0,1,4.0,233.24,2,8,0.5,8,3,1500.0,12742
1,1,1,1,8.3,135.0,2,5.0,293.72,4,16,2.0,8,5,3000.0,11893
1,1,1,1,7.5,155.0,2,5.5,400.53,8,16,2.0,13,8,3400.0,17839
1,1,1,1,8.4,143.0,2,5.2,282.42,8,32,3.0,13,5,3000.0,11043
1,1,1,1,8.2,175.0,2,5.5,400.53,8,32,3.0,13,5,4000.0,16140
1,1,1,1,7.3,158.0,2,5.7,515.3,8,128,4.0,12,5,3400.0,46722
1,1,1,1,7.6,149.0,2,5.5,400.53,8,32,3.0,16,5,3150.0,16140
1,1,1,1,7.9,139.0,2,5.0,293.72,8,16,2.0,13,5,2760.0,13592
1,1,1,1,7.7,158.0,2,5.5,400.53,8,16,2.0,13,5,3260.0,16140
1,1,1,1,7.3,163.0,2,5.2,423.64,10,64,4.0,12,5,3060.0,36528
1,1,1,1,8.2,138.0,2,5.2,282.42,8,16,2.0,13,5,3070.0,10194
1,1,1,1,7.9,189.0,2,6.0,367.15,8,64,3.0,13,5,4100.0,22936
1,1,1,1,7.9,172.0,2,5.5,400.53,8,32,3.0,13,5,3100.0,18689
1,1,1,1,7.3,155.0,2,5.5,400.53,10,32,4.0,12,5,3060.0,25485
1,1,1,1,8.3,138.0,2,5.0,293.72,8,16,2.0,13,5,3020.0,10194
1,1,1,1,8.3,132.0,2,5.0,293.72,8,16,2.0,13,5,2870.0,11043
1,1,1,1,7.3,160.0,2,5.2,423.64,10,64,4.0,21,5,2560.0,34829
1,1,1,1,8.2,163.0,2,5.5,400.53,8,16,2.0,13,5,4100.0,15291
1,1,1,1,8.2,162.0,2,5.5,400.53,8,32,2.0,13,5,3140.0,14441
1,1,1,1,7.5,168.0,2,5.7,386.47,8,32,3.0,21,5,3050.0,33130
1,1,1,1,8.7,131.0,2,5.0,293.72,4,16,2.0,13,5,2500.0,11043
1,1,1,1,7.6,149.0,2,5.5,400.53,8,64,3.0,7,5,3150.0,17839
1,1,1,1,8.7,149.0,2,5.5,400.53,8,32,2.0,13,5,3100.0,16990
1,1,1,1,8.9,145.0,2,5.5,400.53,8,32,2.0,13,5,3140.0,11043
1,1,1,1,8.9,128.0,1,5.0,298.54,4,8,1.0,13,5,2500.0,8495
1,1,1,1,9.0,158.0,1,5.5,542.81,8,64,3.0,7,5,3350.0,33980
1,1,1,1,8.9,147.0,1,5.36,417.74,8,64,2.0,7,2,3100.0,28883
1,0,1,1,9.1,143.0,1,5.1,411.6,8,128,2.0,8,2,2400.0,31431
1,0,1,1,10.2,142.0,1,4.4,343.05,4,64,2.0,8,2,1800.0,26334
1,1,1,1,8.5,162.0,2,5.5,400.53,8,32,3.0,13,5,4000.0,11893
1,1,1,1,10.0,140.0,2,4.5,217.7,4,8,1.0,5,2,1800.0,5097
1,1,1,1,10.6,165.0,2,5.0,195.93,4,8,1.0,5,2,2000.0,5946
1,1,1,1,8.8,128.0,2,5.0,293.72,8,16,3.0,13,5,2100.0,11043
1,1,1,1,5.1,97.0,1,4.8,305.96,4,16,2.0,8,5,2000.0,21237
1,0,1,1,8.5,134.0,2,4.7,234.35,4,8,1.0,8,2,2000.0,5946
1,0,1,1,7.9,310.5,1,8.0,188.68,2,8,1.0,5,2,4400.0,12742
1,0,1,1,10.4,180.0,2,6.0,183.58,4,4,1.0,8,5,2450.0,14441
1,0,1,1,9.7,147.0,2,5.0,220.29,4,4,1.0,8,2,2000.0,12742
1,0,1,1,8.9,220.0,2,5.7,257.65,4,16,1.0,12,5,2600.0,19538
1,0,1,1,8.9,158.0,2,5.0,293.72,4,16,1.0,13,5,2000.0,19538
1,0,1,1,9.7,164.0,2,5.0,195.93,4,4,1.0,8,2,2000.0,15291
1,0,1,1,9.7,168.0,2,5.3,184.84,4,4,0.5,8,2,2100.0,16140
1,0,1,1,10.7,156.0,2,5.0,293.72,4,4,1.0,8,2,2000.0,19538
1,1,1,1,6.9,122.0,2,5.0,293.72,4,16,1.0,8,5,2000.0,12742
1,1,1,1,8.1,165.0,2,5.7,515.3,8,32,3.0,20,5,3340.0,29732
1,1,1,1,8.1,165.0,1,5.7,515.3,8,32,3.0,20,5,3340.0,29732
1,1,1,1,8.2,150.0,2,5.2,564.85,6,32,3.0,20,5,3000.0,23786
1,1,1,1,8.2,150.0,1,5.2,564.85,6,32,3.0,20,5,3000.0,23786
1,0,1,1,8.6,152.0,2,5.0,293.72,4,8,1.0,8,5,2200.0,8495
1,1,1,1,9.0,171.0,2,5.7,257.65,4,8,1.0,13,5,3000.0,16990
1,1,1,1,9.0,171.0,1,5.7,257.65,4,8,1.0,13,5,3000.0,16990
1,0,1,1,9.0,171.0,2,5.7,257.65,4,8,1.0,13,5,3000.0,14441
1,0,1,1,9.0,171.0,1,5.7,257.65,4,8,1.0,13,5,3000.0,14441
1,1,1,1,8.8,145.0,2,5.0,293.72,4,8,1.0,8,1,2500.0,12742
1,1,1,1,8.8,145.0,1,5.0,293.72,4,8,1.0,8,1,2500.0,10194
1,0,1,1,8.8,145.0,2,5.0,293.72,4,8,1.0,8,1,2500.0,14441
1,0,1,1,8.8,146.0,2,5.0,220.29,4,8,1.0,5,5,1905.0,6796
1,0,1,1,8.8,146.0,1,5.0,220.29,4,8,1.0,5,5,1905.0,6796
1,1,1,1,9.6,198.0,2,5.5,267.02,4,16,3.0,13,5,5000.0,16140
1,1,1,1,9.6,181.0,1,5.5,267.02,4,32,2.0,13,5,5000.0,15291
1,1,1,1,9.3,151.0,2,5.0,293.72,4,16,2.0,8,5,2800.0,12742
1,1,1,1,9.3,150.0,1,5.0,293.72,4,16,2.0,8,5,2800.0,11043
1,1,1,1,6.0,145.0,2,5.5,400.53,8,32,3.0,12,5,3000.0,33980
1,1,1,1,10.0,162.0,2,5.0,293.72,4,16,2.0,8,2,4000.0,10194
1,1,1,1,9.0,154.0,2,5.0,195.93,4,8,1.0,5,2,2350.0,8495
1,1,1,1,7.7,155.0,2,5.2,423.64,8,64,4.0,12,5,3000.0,23786
1,1,1,1,9.5,145.0,2,5.0,440.58,8,32,3.0,13,5,2800.0,16990
1,1,1,1,7.9,163.0,2,5.5,400.53,8,32,4.0,16,8,3050.0,21237
1,1,1,1,9.6,153.5,2,5.0,293.72,4,16,2.0,8,5,3500.0,11043
1,1,1,1,7.0,165.0,2,5.5,400.53,8,32,3.0,16,5,3510.0,29732
1,1,1,1,8.5,140.6,1,5.0,293.72,4,8,1.0,8,5,2800.0,10194
1,1,1,1,7.0,163.0,1,5.5,534.04,4,64,4.0,21,5,3500.0,61164
1,1,1,1,5.2,136.0,2,5.5,534.04,4,64,4.0,13,5,2600.0,45873
1,1,1,1,9.8,155.0,2,5.5,400.53,8,16,2.0,16,5,3000.0,19538
1,1,1,1,9.8,155.0,2,5.5,400.53,8,32,2.0,13,5,3000.0,16140
1,1,1,1,9.9,137.0,2,5.0,293.72,4,16,2.0,8,5,2800.0,11893
1,1,1,1,11.6,155.0,2,5.0,293.72,8,16,2.0,13,5,2470.0,23786
1,1,1,1,9.2,169.0,2,5.4,543.93,8,64,3.0,21,5,3760.0,28033
1,1,1,1,9.2,170.1,1,5.4,543.93,8,64,3.0,21,5,3760.0,33130
1,1,1,1,10.9,169.0,1,5.5,400.53,8,16,2.0,21,5,3630.0,28033
1,1,1,1,11.1,179.0,1,5.7,515.3,6,64,3.0,21,5,3000.0,22087
1,1,1,1,10.9,169.0,2,5.5,400.53,8,32,2.0,21,5,3630.0,21237
1,1,1,1,10.9,169.0,1,5.5,400.53,8,32,2.0,21,5,3630.0,20388
1,1,1,1,11.6,155.0,2,5.0,293.72,4,8,1.0,13,5,2470.0,14441
1,1,1,1,11.6,155.0,1,5.0,293.72,4,8,1.0,13,5,2470.0,14441
1,1,1,1,11.0,155.0,1,5.0,293.72,4,8,1.0,8,2,2390.0,17839
1,1,1,1,11.0,155.0,2,5.0,293.72,4,16,1.0,8,2,2390.0,20388
1,1,1,1,0.0,176.0,1,5.2,564.85,4,64,3.0,21,2,3900.0,25485
1,1,1,1,0.0,169.0,1,5.2,564.85,4,64,3.0,21,2,3900.0,24635
1,1,1,1,10.1,184.0,1,5.96,492.82,4,64,3.0,13,2,3220.0,35679
1,1,1,1,10.0,144.0,1,5.2,423.64,4,32,2.0,13,2,2300.0,27184
1,0,1,1,11.0,149.0,2,5.0,293.72,4,16,1.0,8,2,2070.0,16990
1,0,1,1,11.0,149.0,1,5.0,293.72,4,8,1.0,8,2,2070.0,13592
1,1,1,1,11.6,143.0,1,4.5,326.36,4,8,1.0,5,3,2070.0,13592
1,0,1,1,11.6,143.0,2,4.5,326.36,4,16,1.0,5,3,2070.0,11893
1,0,1,1,11.6,143.0,1,4.5,326.36,4,16,1.0,5,3,2070.0,11043
1,1,1,1,10.4,130.0,1,4.7,312.47,2,64,2.0,10,2,2200.0,21237
1,1,1,1,7.2,137.0,1,5.0,293.72,2,16,2.0,10,2,2130.0,21237
1,1,1,1,8.5,167.0,1,5.0,293.72,2,32,2.0,10,2,3500.0,18689
1,1,1,1,8.9,130.0,1,4.3,341.54,2,16,2.0,10,2,2000.0,15291
1,0,1,1,9.8,120.0,2,4.0,233.24,2,4,1.0,8,2,2000.0,19538
1,1,1,1,9.3,157.0,1,4.7,312.47,2,32,1.0,8,3,3300.0,22936
1,1,1,1,8.4,146.0,1,4.7,312.47,2,16,1.0,8,3,2530.0,21237
1,1,1,1,8.4,146.0,1,4.7,312.47,2,16,1.0,8,3,2530.0,21237
1,1,1,1,8.4,140.0,1,4.5,326.36,2,8,1.0,8,3,1780.0,18689
1,0,1,1,9.0,145.0,1,4.3,256.15,2,16,1.0,8,3,3300.0,19538
1,1,1,1,12.7,178.9,1,4.0,275.36,2,16,1.0,8,3,1785.0,22087
1,1,1,1,9.0,145.0,1,4.3,256.15,2,8,1.0,8,3,3300.0,22087
1,1,1,1,9.0,390.0,1,8.2,184.08,2,32,1.0,5,3,3960.0,24635
1,1,1,1,8.8,599.0,1,10.1,149.45,2,64,1.0,5,3,7000.0,22087
1,0,1,1,9.0,386.0,1,8.2,184.08,2,16,1.0,5,3,3960.0,17839
1,0,1,1,8.8,599.0,1,10.1,149.45,2,32,1.0,5,3,7000.0,17839
1,0,1,1,7.1,127.0,1,4.3,256.15,2,16,1.0,8,3,1780.0,18689
1,1,1,1,7.1,127.0,1,4.3,256.15,2,16,1.0,8,2,1780.0,18689
1,1,1,1,7.9,169.0,2,5.5,400.53,8,32,3.0,16,8,3000.0,19538
1,0,1,1,8.7,130.0,2,4.7,312.47,4,8,1.0,7,5,2200.0,14441
1,1,1,1,8.9,134.0,1,4.7,312.47,4,8,1.0,7,5,2200.0,18689
1,1,1,1,8.5,150.0,1,5.0,293.72,4,16,1.0,10,9,2200.0,28033
1,1,1,1,9.8,167.0,1,5.0,440.58,4,32,2.0,20,2,2420.0,31431
1,0,1,1,10.9,190.0,2,5.0,186.59,2,4,0.75,5,2,2000.0,8495
1,1,1,1,9.8,167.0,1,5.0,440.58,4,32,2.0,20,2,2420.0,33980
1,1,1,1,8.7,209.0,1,6.0,367.15,4,16,2.0,20,2,3400.0,29732
1,1,1,1,8.9,615.0,1,10.1,218.11,4,32,2.0,7,2,8120.0,30582
1,1,1,1,10.4,158.0,1,4.5,331.72,2,32,2.0,41,2,2000.0,33980
1,1,1,1,8.5,139.0,1,4.5,331.72,2,16,1.0,8,3,2000.0,22087
1,1,1,1,10.1,162.0,1,4.5,331.72,2,32,1.0,8,3,2000.0,32281
1,0,1,1,9.0,128.0,1,4.3,216.97,2,8,0.5,7,3,2000.0,16990
1,1,1,1,11.2,141.6,1,4.3,216.97,2,16,1.0,8,2,1800.0,27184
1,0,1,1,10.9,145.0,1,4.3,216.97,2,8,1.0,8,2,1800.0,21237
1,1,1,1,10.7,185.0,1,4.5,331.72,2,32,1.0,8,3,2000.0,17839
1,0,1,1,11.5,160.0,1,4.3,216.97,1,16,0.5,8,1,1830.0,13592
1,1,1,1,11.5,160.0,1,4.3,216.97,1,16,0.5,8,3,1830.0,13592
1,1,1,1,7.3,153.0,2,5.5,400.53,8,64,6.0,16,16,3300.0,42475
1,1,1,1,7.4,158.0,2,5.5,400.53,4,128,6.0,16,16,3400.0,37378
1,1,1,1,7.4,158.0,2,5.5,400.53,4,64,6.0,16,8,3000.0,33980
1,1,1,1,6.9,138.0,2,5.0,440.58,4,16,3.0,13,8,2525.0,22936
1,1,1,1,9.9,175.0,2,5.5,400.53,8,16,3.0,13,5,3300.0,25485
1,1,1,1,8.9,162.0,1,5.5,400.53,4,64,3.0,13,5,3100.0,21237
1,1,1,1,7.8,188.0,2,6.0,367.15,8,64,6.0,20,20,4000.0,42475
1,1,1,1,6.8,150.0,2,5.5,400.53,8,64,4.0,20,20,3000.0,33980
1,1,1,1,7.3,153.0,2,5.5,400.53,8,64,4.0,13,16,3200.0,28033
1,1,1,1,7.3,153.0,2,5.5,400.53,8,64,4.0,13,16,3200.0,32281
1,1,1,1,7.4,185.0,2,6.0,367.15,8,64,4.0,16,16,4000.0,40776
1,1,1,1,7.7,147.0,2,5.2,282.42,8,32,3.0,13,16,2900.0,22087
1,1,1,1,7.4,160.0,2,5.5,267.02,8,32,4.0,13,16,3075.0,25485
1,1,1,1,7.4,185.0,2,6.0,367.15,8,64,6.0,16,16,4000.0,48421
1,1,1,1,6.6,145.0,2,5.5,400.53,8,64,4.0,16,16,3010.0,38227
1,1,1,1,7.7,136.0,2,5.0,293.72,4,16,2.0,8,5,2630.0,18689
1,1,1,1,7.4,160.0,2,5.5,267.02,8,32,3.0,13,8,3075.0,24635
1,1,1,1,7.4,185.0,2,6.0,367.15,8,128,4.0,16,16,4120.0,46722
1,1,1,1,6.6,145.0,2,5.5,400.53,8,64,4.0,13,16,2850.0,29732
1,1,1,1,7.3,134.0,2,5.0,293.72,8,16,3.0,13,8,2500.0,19538
1,1,1,1,7.6,146.0,2,5.0,220.29,4,16,2.0,8,5,2400.0,20388
1,1,1,1,7.6,141.0,2,5.0,220.29,4,16,1.0,8,5,2420.0,11893
1,1,1,1,7.0,155.0,2,5.5,400.53,8,32,4.0,13,8,3070.0,22087
1,1,1,1,6.3,147.0,2,5.0,293.72,8,16,2.0,13,8,2320.0,21237
1,1,1,1,4.9,155.0,1,5.2,423.64,8,32,3.0,13,5,2000.0,16990
1,1,1,1,7.7,160.0,2,5.0,220.29,4,16,2.0,8,5,2420.0,18689
1,0,1,1,9.0,135.0,2,4.5,217.7,4,4,1.0,5,2,2000.0,11043
1,1,1,1,7.8,192.0,2,6.0,367.15,8,32,3.0,13,8,4100.0,36528
1,1,1,1,6.3,147.0,2,5.0,440.58,8,16,3.0,13,8,2320.0,30582
1,0,1,1,8.0,135.0,2,4.5,217.7,4,16,1.0,8,2,2000.0,5946
1,1,1,1,8.0,135.0,2,4.5,217.7,4,8,1.0,8,2,2000.0,13592
1,1,1,1,8.9,130.0,2,4.7,312.47,4,8,1.0,8,5,2000.0,22936
1,1,1,1,8.0,135.0,2,4.5,217.7,4,8,1.0,8,5,2000.0,12742
1,1,1,1,6.8,130.0,2,5.0,293.72,8,16,2.0,13,5,2420.0,28883
1,1,1,1,4.9,155.0,1,5.2,423.64,8,16,2.0,13,5,2000.0,33980
1,1,1,1,9.9,192.0,2,5.5,400.53,4,32,2.0,16,16,3000.0,46722
1,1,1,1,7.1,140.0,1,5.0,293.72,4,16,1.0,13,5,2410.0,24635
1,0,1,1,9.2,128.0,2,4.5,217.7,2,4,1.0,5,2,1900.0,11043
1,0,1,1,7.7,128.0,2,4.7,234.35,4,4,1.0,8,2,2000.0,20388
1,1,1,1,9.2,132.5,1,4.5,217.7,4,4,1.0,5,2,1900.0,11893
1,1,1,1,9.2,150.0,1,5.0,293.72,4,16,2.0,13,13,2140.0,28033
1,1,1,1,6.3,140.0,1,5.0,293.72,4,8,1.0,8,5,2410.0,22936
1,1,1,1,9.2,171.0,1,5.5,534.04,4,32,3.0,13,5,3000.0,37378
1,1,1,1,9.2,170.0,1,5.5,400.53,4,16,2.0,13,5,2800.0,31431
1,0,1,1,9.2,130.0,2,4.5,207.32,2,4,0.5,5,2,1900.0,13592
1,0,1,1,7.1,140.0,2,5.0,293.72,4,16,1.0,8,5,2410.0,25485
1,0,1,1,9.0,213.0,1,5.9,373.37,4,32,2.0,13,13,3610.0,36528
1,0,1,1,7.3,110.0,2,4.7,312.47,4,16,1.0,8,9,2000.0,21237
1,0,1,1,8.9,165.0,1,5.0,440.58,4,32,2.0,13,9,2500.0,45873
1,0,1,1,9.0,113.0,1,4.5,244.77,2,16,1.0,8,5,2020.0,23786
1,0,1,1,9.8,141.5,1,4.3,216.97,4,4,1.0,5,2,1700.0,8495
1,0,1,1,6.7,125.0,1,4.3,216.97,2,16,1.0,8,3,1500.0,8495
1,0,1,1,9.7,130.0,1,4.0,233.24,1,4,0.5,5,2,1710.0,6796
1,1,1,1,9.4,180.0,2,5.5,267.02,4,16,3.0,13,5,4000.0,976925
1,1,1,1,9.4,146.7,2,5.0,293.72,4,16,2.0,8,2,4000.0,7645
1,1,1,1,9.7,169.0,2,5.0,293.72,4,16,3.0,13,5,4000.0,9344
1,1,1,1,7.7,163.0,2,5.5,267.02,8,32,3.0,13,5,3000.0,12742
1,1,1,1,10.5,193.0,2,5.5,267.02,4,32,3.0,13,5,4000.0,11043
1,1,1,1,9.5,165.0,2,5.2,423.64,8,64,4.0,16,8,3000.0,14441
1,1,1,1,8.1,145.0,2,5.5,267.02,4,16,3.0,13,5,3000.0,13592
1,1,1,1,8.0,133.0,2,5.0,293.72,4,16,2.0,13,5,2200.0,11043
1,1,1,1,8.4,156.0,2,5.3,277.1,4,16,2.0,13,5,2600.0,13592
1,1,1,1,8.2,155.0,2,5.5,267.02,8,16,3.0,13,5,2500.0,8495
1,1,1,1,7.6,126.0,2,5.0,293.72,4,8,1.0,8,2,2000.0,8495
1,1,1,1,8.2,138.0,2,5.0,293.72,4,16,2.0,8,5,2800.0,12742
1,1,1,1,7.6,147.0,2,5.0,293.72,4,32,3.0,8,5,2450.0,16990
1,1,1,1,8.2,142.0,2,5.5,400.53,8,32,3.0,16,5,3000.0,14441
1,1,1,1,8.9,167.5,2,5.0,293.72,4,16,3.0,8,5,4000.0,12742
1,0,1,1,8.4,155.0,2,5.0,293.72,4,16,2.0,8,5,3200.0,9344
1,1,1,1,6.9,145.0,2,5.0,293.72,8,32,3.0,13,5,2350.0,11893
1,1,1,1,8.2,145.0,2,5.5,267.02,8,16,2.0,13,5,2500.0,16990
1,1,1,1,8.0,147.0,2,5.5,267.02,8,16,2.0,13,8,3500.0,13592
1,1,1,1,6.1,110.0,2,5.0,293.72,4,8,1.0,8,5,2000.0,16140
1,0,1,1,9.5,135.0,2,4.7,312.47,8,8,1.0,8,5,1980.0,11043
1,1,1,1,8.0,131.0,1,5.0,440.58,4,16,2.0,13,5,2500.0,18689
1,0,1,1,7.9,135.0,2,5.0,293.72,8,8,1.0,8,5,2100.0,12742
1,0,1,1,8.2,173.8,2,6.0,244.77,4,16,1.0,8,2,2800.0,16140
1,0,1,1,9.0,117.0,2,4.0,233.24,4,8,1.0,5,2,1500.0,7645
1,0,1,1,7.9,148.0,2,5.5,267.02,4,4,1.0,8,2,2500.0,10194
1,0,1,1,9.0,155.0,2,5.0,293.72,4,8,1.0,8,2,2000.0,11893
1,1,1,1,21.1,204.0,1,4.7,468.7,4,16,2.0,1,1,2600.0,70508
1,0,1,1,9.2,115.0,2,5.0,195.93,4,4,1.0,8,3,2000.0,10194
1,0,1,1,8.0,141.0,2,5.0,293.72,4,16,2.0,13,2,2500.0,20388
1,0,1,1,9.8,140.0,2,4.5,326.36,2,4,1.0,8,2,1700.0,14441
1,0,1,1,9.7,160.0,2,5.0,293.72,4,4,1.0,8,2,2000.0,16990
1,0,1,1,8.5,135.0,2,5.0,293.72,4,4,1.0,8,3,2500.0,37378
1,0,1,1,8.2,133.0,2,5.0,220.29,4,8,1.0,8,2,2000.0,14441
1,1,1,1,9.1,135.0,1,4.8,305.96,2,16,1.0,6,2,2100.0,31431
1,1,1,1,10.0,168.5,1,5.3,277.1,4,16,2.0,13,2,2600.0,46722
1,1,1,1,7.9,132.0,1,4.3,256.15,2,8,1.0,8,2,1830.0,19538
1,1,1,1,9.4,134.1,1,4.8,305.96,2,16,1.0,8,2,2020.0,28883
1,1,1,1,10.7,469.8,1,8.0,160.0,2,16,1.0,5,2,6400.0,18689
1,0,1,1,9.8,450.0,1,8.0,160.0,4,16,1.0,5,2,4600.0,16140
1,0,1,1,8.4,191.0,2,6.0,244.77,4,4,1.0,13,8,2600.0,22936
1,0,1,1,9.9,146.0,1,5.0,440.58,4,16,1.0,13,8,2300.0,23786
1,0,1,1,10.0,140.0,1,4.3,256.15,1,4,1.0,8,2,2000.0,17839
1,0,1,1,9.9,140.0,2,5.3,184.84,4,4,1.0,8,2,2100.0,15291
1,0,1,1,8.6,130.0,2,5.0,293.72,4,4,1.0,8,2,2000.0,16990
1,0,1,1,10.0,450.0,1,8.0,160.0,2,16,1.0,5,2,5300.0,16990
1,0,1,1,10.2,680.0,1,10.1,149.45,2,16,1.0,2,2,6400.0,19538
1,1,1,1,9.6,210.0,2,6.0,489.53,8,64,3.0,24,8,3500.0,33980
1,1,1,1,5.1,97.0,1,4.8,305.96,4,16,2.0,8,5,2000.0,19538
1,0,1,1,9.2,138.0,2,4.5,217.7,4,8,1.0,5,2,1700.0,8495
1,0,1,1,8.9,152.0,2,5.0,195.93,4,8,1.0,5,5,2000.0,8495
1,0,1,1,8.8,151.0,2,4.7,198.5,4,8,1.0,8,2,2120.0,8495
1,0,1,1,8.6,150.0,2,5.0,195.93,4,8,1.0,5,2,1950.0,13592
1,0,1,1,10.4,180.0,2,5.0,293.72,4,8,1.0,8,2,5000.0,13592
1,1,1,1,7.5,120.0,2,5.0,293.72,4,16,2.0,13,5,2400.0,14441
1,0,1,1,8.9,158.0,2,5.0,293.72,4,16,1.0,13,5,2000.0,18689
1,0,1,1,5.2,97.7,1,4.8,305.96,8,16,1.0,8,5,2050.0,17839
1,1,1,1,8.8,119.0,1,4.7,312.47,4,4,1.0,8,5,2000.0,12742
1,0,1,1,9.5,150.0,1,5.5,400.53,4,16,2.0,16,8,2500.0,26334
1,0,1,1,5.6,133.0,1,5.0,440.58,8,16,2.0,13,5,2300.0,16990
1,0,1,1,9.3,167.0,2,5.0,293.72,4,4,1.0,8,2,2000.0,11043
1,0,1,1,9.1,88.2,2,4.5,217.7,4,8,1.0,5,2,1800.0,10194
1,0,1,1,9.3,220.0,2,5.7,257.65,4,16,1.0,12,5,2600.0,15291
1,0,1,1,6.9,135.0,1,4.8,305.96,4,16,1.0,8,5,2000.0,17839
1,1,1,1,8.1,179.0,2,5.7,386.47,8,32,4.0,13,13,3300.0,21237
1,1,1,1,7.9,148.0,2,5.0,293.72,4,16,2.0,13,5,2400.0,18689
1,1,1,1,8.0,155.0,2,5.8,567.53,8,64,4.0,12,8,3000.0,59465
1,1,1,1,8.1,173.0,2,6.2,530.92,8,64,4.0,12,8,3500.0,76455
1,1,1,1,9.7,172.0,1,5.0,293.72,4,16,2.0,13,5,2800.0,20388
1,1,1,1,6.0,429.0,1,9.7,263.92,4,32,4.0,13,5,6000.0,63712
1,1,1,1,8.7,147.0,1,5.0,293.72,8,16,1.5,5,2,2600.0,22087
1,1,1,1,7.0,172.0,2,5.7,386.47,8,64,4.0,16,16,3300.0,35679
1,1,1,1,7.9,186.0,2,5.7,386.47,8,32,3.0,16,16,3600.0,45023
1,1,1,1,7.9,157.0,2,5.2,423.64,8,32,3.0,16,16,3000.0,36528
1,1,1,1,7.9,138.0,2,4.7,312.47,8,16,2.0,13,8,2350.0,28033
1,1,1,1,8.9,160.0,2,5.0,220.29,4,8,1.5,8,5,2600.0,11893
1,1,1,1,8.9,160.0,2,5.0,220.29,4,8,1.5,8,5,2600.0,11043
1,1,1,1,6.9,189.0,2,6.0,367.15,8,64,6.0,16,16,4000.0,52669
1,1,1,1,7.2,182.0,2,5.7,386.47,8,32,3.0,16,8,3300.0,47572
1,1,1,1,7.8,169.0,2,5.5,400.53,8,16,3.0,13,5,3300.0,25485
1,1,1,1,8.0,167.0,2,5.5,400.53,8,32,3.0,13,8,3300.0,22087
1,1,1,1,8.1,143.0,2,5.0,293.72,4,32,2.0,13,5,2400.0,19538
1,1,1,1,8.0,167.0,2,5.5,400.53,8,32,3.0,13,8,3300.0,23786
1,1,1,1,7.9,169.0,1,5.7,515.3,4,64,4.0,12,5,3500.0,64562
1,1,1,1,7.9,169.0,2,5.7,515.3,8,64,4.0,12,5,3500.0,72207
1,1,1,1,8.0,172.0,2,5.5,267.02,4,16,2.0,13,5,3000.0,15291
1,1,1,1,8.5,149.0,2,5.0,293.72,4,16,2.0,8,5,2600.0,12742
1,1,1,1,8.7,289.0,2,7.0,215.63,4,8,1.5,8,2,4000.0,18689
1,1,1,1,8.0,138.0,2,5.0,293.72,4,16,2.0,8,5,2600.0,13592
1,1,1,1,8.0,138.0,2,5.0,293.72,4,8,1.5,8,5,2600.0,12742
1,1,1,1,9.9,184.8,1,5.1,575.92,4,32,4.0,12,5,4000.0,60314
1,1,1,1,8.0,139.0,2,5.0,293.72,4,16,2.0,8,5,2600.0,12742
1,1,1,1,6.8,169.0,2,5.7,386.47,8,64,4.0,16,8,3300.0,38227
1,1,1,1,6.7,143.0,2,5.2,423.64,8,64,4.0,16,8,2600.0,30582
1,1,1,1,7.9,210.0,2,6.0,367.15,8,32,4.0,16,8,5000.0,42475
1,1,1,1,7.8,170.0,2,5.5,267.02,8,16,2.0,13,5,3300.0,19538
1,1,1,1,8.1,159.0,2,5.2,282.42,4,16,2.0,13,5,3100.0,16140
1,1,1,1,8.2,525.0,1,10.1,224.17,8,16,2.0,8,2,7300.0,18689
1,1,1,1,8.7,283.0,1,7.0,215.63,4,8,1.5,5,2,4000.0,11043
1,1,1,1,7.9,152.0,1,5.1,575.92,8,64,4.0,12,5,3000.0,42475
1,1,1,1,7.7,157.0,1,5.5,534.04,4,128,4.0,12,5,3600.0,48421
1,1,1,1,7.7,157.0,1,5.5,534.04,4,32,4.0,12,5,3600.0,46722
1,1,1,1,7.9,152.0,1,5.1,575.92,4,32,4.0,12,5,3000.0,39077
1,1,1,1,8.9,360.0,1,8.0,188.68,4,16,1.5,5,2,5000.0,15291
1,1,1,1,8.9,131.0,2,4.5,207.32,4,8,1.0,5,2,2050.0,11043
1,1,1,1,7.4,200.0,2,6.0,367.15,8,32,3.0,13,8,4000.0,39077
1,1,1,1,7.3,172.0,2,5.5,400.53,8,16,3.0,13,5,3300.0,32281
1,1,1,1,7.3,155.0,2,5.2,423.64,8,16,2.0,13,5,2900.0,22936
1,1,1,1,7.3,132.0,2,4.7,312.47,4,16,1.5,13,5,2300.0,16990
1,1,1,1,7.9,138.0,2,5.0,293.72,4,16,2.0,8,5,2600.0,11893
1,1,1,1,8.2,172.0,2,5.5,267.02,4,8,1.5,13,5,3000.0,15291
1,1,1,1,8.5,149.0,2,5.0,293.72,4,8,1.5,8,5,2600.0,11893
1,0,1,1,7.9,137.0,2,5.0,293.72,4,8,1.0,8,5,2600.0,9344
1,1,1,1,9.5,131.0,2,4.3,216.97,4,4,0.5,5,2,1900.0,11893
1,1,1,1,7.6,171.0,1,5.7,515.3,8,64,4.0,16,5,3000.0,45873
1,1,1,1,7.6,171.0,1,5.7,515.3,8,128,4.0,16,5,3000.0,50120
1,1,1,1,7.6,171.0,2,5.7,515.3,8,64,4.0,16,5,3000.0,50970
1,1,1,1,6.9,153.0,1,5.7,515.3,8,64,4.0,16,5,3000.0,46722
1,1,1,1,6.9,153.0,1,5.7,515.3,8,64,4.0,16,5,3000.0,45023
1,1,1,1,6.9,153.0,2,5.7,515.3,8,64,4.0,16,5,3000.0,45023
1,1,1,1,8.1,145.0,1,5.1,431.94,8,16,2.0,16,5,2800.0,29732
1,1,1,1,8.9,107.0,1,4.3,256.15,4,8,1.5,8,9,1900.0,16140
1,1,1,1,15.3,155.0,1,3.8,245.51,4,8,1.5,8,2,1800.0,22087
1,1,1,1,5.6,389.0,1,9.7,263.92,8,64,3.0,8,1,5870.0,44174
1,1,1,1,5.6,265.0,1,8.0,320.0,8,64,3.0,8,1,4000.0,37378
1,1,1,1,5.9,151.0,2,5.7,386.47,8,32,2.0,16,5,3050.0,32281
1,1,1,1,5.9,151.0,1,5.7,386.47,8,32,2.0,16,5,3050.0,29732
1,1,1,1,7.5,171.0,2,5.5,267.02,8,16,1.5,13,5,3000.0,21237
1,1,1,1,7.9,146.0,2,5.0,293.72,4,16,1.5,13,5,2600.0,13592
1,0,1,1,8.5,490.0,1,9.6,157.23,4,16,1.5,5,2,5000.0,16990
1,1,1,1,8.6,170.0,1,5.1,575.92,8,64,3.0,16,5,3500.0,32281
1,0,1,1,9.7,322.0,1,7.0,169.55,4,8,1.0,2,2,3600.0,11043
1,1,1,1,7.5,490.0,1,9.7,131.96,4,16,2.0,5,2,6000.0,28883
1,1,1,1,7.4,313.0,1,8.0,160.0,4,16,1.5,5,2,4200.0,17839
1,1,1,1,10.0,154.0,1,4.5,207.32,4,8,1.5,5,2,2200.0,18689
1,1,1,1,7.1,132.0,1,5.1,575.92,8,128,3.0,16,5,2600.0,50970
1,1,1,1,6.9,140.0,1,5.1,575.92,8,128,3.0,16,5,2550.0,34829
1,1,1,1,7.0,132.0,1,5.1,575.92,8,128,3.0,16,5,2600.0,35679
1,1,1,1,6.8,138.0,2,5.1,575.92,8,128,3.0,16,5,2550.0,33980
1,1,1,1,6.8,138.0,1,5.1,575.92,8,128,3.0,16,5,2550.0,33980
1,1,1,1,8.9,122.0,2,4.3,216.97,4,4,0.75,5,2,1850.0,10194
1,0,1,1,8.9,122.0,2,4.3,216.97,2,4,0.5,5,2,1850.0,9344
1,1,1,1,8.4,129.0,2,4.7,234.35,4,8,1.0,5,2,2000.0,12742
1,1,1,1,6.3,141.0,2,5.5,400.53,8,16,2.0,13,5,2600.0,25485
1,1,1,1,6.3,141.0,1,5.5,400.53,8,16,2.0,13,5,2600.0,25485
1,1,1,1,7.9,161.0,1,5.25,279.73,4,16,1.5,13,5,2500.0,22087
1,1,1,1,7.3,141.0,2,5.5,267.02,4,16,2.0,13,5,2950.0,19538
1,1,1,1,8.8,130.0,2,4.5,207.32,4,8,1.0,5,2,2000.0,12742
1,1,1,1,6.7,123.0,2,5.0,293.72,4,16,2.0,13,5,2300.0,24635
1,1,1,1,6.7,123.0,1,5.0,293.72,4,16,2.0,13,5,2300.0,22087
1,1,1,1,6.9,110.3,2,4.5,244.77,4,16,1.0,8,5,1900.0,19538
1,1,1,1,6.9,110.3,1,4.5,244.77,4,16,1.5,8,5,1900.0,16140
1,1,1,1,8.1,145.0,1,5.1,431.94,4,32,2.0,16,2,2800.0,32281
1,0,1,1,8.6,152.0,2,5.0,220.29,4,8,1.0,8,5,2600.0,12742
1,1,1,1,8.6,156.0,2,5.0,220.29,4,8,1.0,8,5,2600.0,11893
1,1,1,1,9.1,126.0,1,4.3,216.97,4,8,1.0,5,3,1900.0,16990
1,1,1,1,8.3,174.0,1,5.6,539.08,4,64,3.0,16,7,3000.0,33980
1,1,1,1,8.5,175.0,2,5.7,515.3,4,16,3.0,16,7,3000.0,42475
1,1,1,1,8.5,176.0,1,5.7,515.3,4,32,3.0,16,7,3220.0,46722
1,1,1,1,8.5,176.0,1,5.7,515.3,4,32,3.0,16,7,3220.0,37378
1,1,1,1,9.7,393.0,1,8.0,188.68,4,16,1.5,15,2,4450.0,50970
1,1,1,1,8.6,194.0,1,6.0,244.77,4,16,1.5,8,1,2800.0,28883
1,1,1,1,8.1,145.0,1,5.1,431.94,4,32,2.0,16,2,2800.0,33130
1,1,1,1,6.7,115.0,1,4.7,312.47,4,32,2.0,12,1,1860.0,38227
1,1,1,1,6.7,115.0,1,4.7,312.47,8,32,2.0,12,1,1860.0,33130
1,0,1,1,9.1,118.0,2,4.5,326.36,4,16,1.5,8,1,2100.0,21237
1,1,1,1,9.1,120.0,1,4.5,326.36,4,16,1.5,8,1,2100.0,18689
1,1,1,1,8.9,158.0,1,5.1,431.94,4,16,2.0,16,2,2800.0,42475
1,1,1,1,8.1,145.0,1,5.1,575.92,4,32,3.0,16,2,2800.0,46722
1,1,1,1,6.6,298.0,1,8.4,359.39,4,32,3.0,8,1,4900.0,31431
1,1,1,1,6.6,467.0,1,10.5,287.51,4,32,3.0,8,1,7900.0,37378
1,0,1,1,8.6,132.0,1,4.8,305.96,4,16,1.5,8,9,2100.0,22936
1,1,1,1,8.8,245.0,1,7.0,209.8,4,16,1.5,8,2,3200.0,30582
1,1,1,1,8.9,170.1,1,5.1,431.94,4,16,2.0,16,2,2800.0,45023
1,1,1,1,16.6,200.0,1,4.8,305.96,6,8,2.0,7,2,2430.0,37378
1,0,1,1,8.6,132.0,2,4.8,305.96,4,16,1.5,8,9,2100.0,25485
1,0,1,1,9.0,276.0,1,7.0,215.63,4,16,1.5,15,3,4000.0,20388
1,1,1,1,9.0,276.0,1,7.0,215.63,4,16,1.5,15,3,4000.0,23786
1,0,1,1,8.0,320.0,1,8.0,188.68,4,16,1.5,15,3,4450.0,25485
1,1,1,1,8.0,320.0,1,8.0,188.68,4,16,1.5,15,3,4450.0,29732
1,0,1,1,8.0,487.0,1,10.1,149.45,4,16,1.5,15,3,6800.0,25485
1,1,1,1,8.0,487.0,1,10.1,149.45,4,16,1.5,15,3,6800.0,26334
1,1,1,1,8.1,145.0,2,5.1,431.94,4,16,2.0,16,2,2800.0,35679
1,0,1,1,8.1,145.0,1,5.1,431.94,8,32,2.0,16,2,2800.0,32281
1,1,1,1,7.9,144.9,1,5.1,431.94,4,16,2.0,16,2,2800.0,40776
1,1,1,1,8.1,145.0,1,5.1,431.94,4,32,2.0,16,2,2800.0,30582
1,0,1,1,8.6,162.5,2,5.5,267.02,4,16,2.0,8,2,3100.0,34829
1,1,1,1,8.6,162.5,1,5.5,267.02,6,16,2.0,8,2,3100.0,27184
1,0,1,1,9.6,163.0,2,5.01,186.22,4,16,1.0,5,2,2100.0,11043
1,1,1,1,8.0,753.0,1,12.2,247.45,4,64,3.0,8,2,9500.0,56916
1,0,1,1,8.0,753.0,1,12.2,247.45,8,64,3.0,8,2,9500.0,54368
1,1,1,1,8.0,740.0,1,12.2,247.45,4,64,3.0,8,2,9500.0,42475
1,0,1,1,8.0,732.0,1,12.2,247.45,8,64,3.0,8,2,9500.0,39926
1,1,1,1,7.3,477.0,1,10.1,298.9,4,32,2.0,8,2,8220.0,35679
1,1,1,1,7.2,335.0,1,8.4,359.39,4,32,2.0,8,2,4800.0,35679
1,1,1,1,9.1,147.0,1,5.0,440.58,4,32,2.0,13,2,2600.0,34829
1,1,1,1,8.6,146.0,1,5.0,440.58,4,16,3.0,13,2,2600.0,38227
1,1,1,1,8.9,163.0,2,5.25,279.73,4,8,1.5,8,9,2600.0,15291
1,0,1,1,15.8,179.0,1,3.7,252.15,2,16,1.5,8,9,1820.0,50120
1,1,1,1,7.9,130.0,1,5.0,440.58,4,32,2.0,13,2,2600.0,33130
1,1,1,1,7.9,154.0,1,5.7,386.47,4,32,3.0,13,2,2800.0,57766
1,1,1,1,7.9,540.0,1,10.1,298.9,4,64,3.0,8,2,8220.0,31431
1,1,1,1,8.3,168.0,1,5.7,386.47,4,64,3.0,13,2,3200.0,35679
1,0,0,0,12.7,130.4,1,4.0,233.24,1,4,0.5,5,3,1750.0,11893
1,1,1,1,9.1,144.0,1,4.77,307.88,2,16,1.0,8,2,2000.0,26334
1,1,1,1,15.4,208.0,1,4.3,256.15,2,8,1.5,16,9,2330.0,23786
1,1,1,1,8.9,107.0,2,4.3,256.15,2,8,1.5,8,9,1900.0,19538
1,1,1,1,9.1,153.0,1,5.0,440.58,4,16,2.0,8,2,2600.0,26334
1,1,1,1,7.4,314.0,1,8.0,188.68,2,32,1.5,5,3,4450.0,22936
1,1,1,1,8.0,510.0,1,10.1,149.45,2,32,1.0,15,3,6800.0,24635
1,0,1,1,8.0,510.0,1,10.1,149.45,2,32,1.0,15,3,6800.0,28033
1,0,1,1,10.4,119.1,1,3.8,245.51,2,4,1.0,5,9,1500.0,7645
1,1,1,1,9.9,306.0,1,7.0,169.55,2,16,1.0,15,3,4000.0,12742
1,1,1,1,8.0,199.0,1,6.3,233.11,2,16,1.5,8,9,3200.0,25485
1,0,1,1,9.0,182.0,2,5.8,189.91,2,8,1.5,8,9,2600.0,23786
1,1,1,1,7.9,130.0,1,5.0,440.58,4,64,2.0,13,2,2600.0,28033
1,0,1,1,7.9,130.0,1,5.0,440.58,8,64,2.0,13,2,2600.0,27184
1,0,1,1,7.9,132.0,2,5.0,440.58,8,64,2.0,13,2,2600.0,39077
1,1,1,1,7.9,130.1,1,5.0,440.58,4,16,2.0,13,2,2600.0,37378
1,1,1,1,8.0,338.0,1,8.0,188.68,4,32,2.0,5,3,4600.0,27184
1,1,1,1,9.3,139.1,1,4.5,207.32,2,8,1.0,5,3,2000.0,15291
1,0,1,1,8.5,121.0,1,4.3,216.97,2,8,1.0,8,2,1650.0,17839
1,1,1,1,10.9,125.0,1,4.0,233.24,2,8,1.0,5,2,2100.0,16990
1,0,1,1,9.6,162.0,2,5.0,186.59,2,8,1.0,8,2,2100.0,15291
1,0,1,1,9.6,162.0,1,5.0,186.59,2,8,1.0,8,2,2100.0,17839
1,1,1,1,8.9,600.0,1,10.1,149.45,4,64,2.0,5,9,7000.0,33130
1,1,0,0,11.9,136.1,1,4.0,233.24,2,4,1.0,5,3,2100.0,12742
1,1,1,1,13.5,154.0,1,4.0,233.24,2,8,1.0,5,3,1800.0,14441
1,1,1,1,9.1,134.0,1,4.65,315.83,4,16,1.0,8,9,2100.0,9344
1,1,1,1,9.0,130.0,1,4.65,315.83,2,16,1.0,8,9,2100.0,22087
1,1,1,1,12.7,159.0,1,4.0,233.24,2,8,1.0,5,3,1850.0,12742
1,1,1,1,9.1,136.0,1,4.5,207.32,2,8,1.0,5,3,2000.0,13592
1,1,1,1,8.6,131.0,1,4.8,305.96,4,16,2.0,8,9,2100.0,27184
1,1,0,0,12.7,139.0,1,4.0,233.24,2,4,1.0,5,3,2100.0,12742
1,1,1,1,9.4,183.0,1,5.5,267.02,4,64,2.0,8,9,3100.0,25485
1,1,1,1,9.4,179.4,1,5.5,267.02,4,16,2.0,8,9,3100.0,29732
1,0,1,1,8.7,135.0,1,4.8,305.96,2,32,1.0,8,9,2300.0,18689
1,0,0,0,11.9,119.1,1,3.5,164.83,1,2,0.75,15,3,1750.0,8495
1,1,0,0,12.0,134.0,1,4.0,233.24,2,4,1.0,15,3,2100.0,12742
1,0,0,0,11.3,129.0,1,4.0,233.24,1,4,0.75,5,3,1700.0,12742
1,0,1,1,8.9,600.0,1,10.1,149.45,4,64,2.0,5,9,7000.0,27184
1,1,1,1,8.6,458.0,1,8.9,169.6,2,32,1.0,15,2,6100.0,18689
1,1,1,1,8.6,133.0,1,4.8,305.96,2,32,2.0,8,9,2100.0,26334
1,1,1,1,8.6,134.0,1,4.8,305.96,2,16,2.0,8,9,2100.0,25485
1,1,0,0,7.6,133.2,1,4.8,305.96,2,32,2.0,8,9,2100.0,23786
1,0,1,1,8.6,133.0,1,4.8,305.96,4,64,1.0,8,9,2100.0,16140
1,0,1,1,12.5,145.3,1,4.0,233.24,2,8,0.75,5,3,2000.0,20388
1,0,1,1,12.2,119.0,1,3.7,252.15,1,4,0.5,5,3,1650.0,14441
1,0,1,1,9.7,120.0,1,4.0,233.24,2,16,0.75,5,3,1500.0,12742
1,0,1,1,11.2,127.6,1,3.97,235.0,2,3,1.0,5,3,1750.0,11893
1,1,0,0,7.9,340.2,1,7.7,196.03,2,32,1.0,15,2,5100.0,23786
1,1,0,0,9.4,144.5,1,4.65,315.83,2,32,1.0,5,3,1850.0,22936
1,1,1,1,12.0,130.0,1,4.0,233.24,2,4,1.0,5,3,1750.0,20388
1,0,1,1,9.7,180.0,1,5.3,284.8,2,16,1.0,8,2,2500.0,29732
1,1,1,1,9.7,178.0,1,5.3,284.8,2,16,1.0,8,2,2500.0,29732
1,0,1,1,8.5,110.6,1,4.3,216.97,1,32,0.5,8,3,1650.0,11043
1,1,1,1,9.5,130.5,1,4.5,207.32,2,16,1.0,8,2,1850.0,15291
1,1,0,0,9.5,150.0,1,4.65,315.83,2,32,1.0,5,3,1850.0,12742
1,1,1,1,8.9,135.0,1,4.65,315.83,2,16,1.0,5,3,1750.0,15291
1,0,1,1,8.5,116.0,1,4.3,216.97,2,16,1.0,8,2,1650.0,18689
1,1,0,0,14.0,164.0,1,4.0,233.24,1,4,0.5,5,3,1800.0,10194
1,0,1,1,13.0,147.0,1,4.0,233.24,2,8,1.0,8,3,1650.0,9344
1,0,1,1,9.9,345.0,1,7.0,169.55,2,32,1.0,15,2,4000.0,22087
1,1,1,1,9.5,130.5,1,4.65,315.83,2,16,1.0,8,2,1850.0,15291
1,0,1,1,7.9,340.0,1,7.7,196.03,2,64,1.0,15,2,5100.0,23786
1,1,1,1,9.7,178.0,1,5.3,284.8,2,32,1.0,8,2,2500.0,22936
1,0,1,1,8.9,121.9,1,4.3,216.97,2,32,1.0,8,2,1650.0,14441
1,0,1,1,9.4,135.0,1,4.52,206.41,2,32,1.0,8,2,1850.0,13592
1,0,0,0,10.0,130.0,1,4.52,206.41,2,16,1.0,8,2,1800.0,11043
1,1,1,1,9.4,132.0,1,4.5,207.32,2,16,1.0,8,2,1850.0,13592
1,1,1,1,9.4,132.0,1,4.5,207.32,2,16,1.0,8,2,1850.0,16990
1,1,1,1,8.6,455.0,1,8.9,169.6,2,32,1.0,15,2,6100.0,28033
1,0,1,1,8.5,116.0,1,4.3,216.97,2,16,1.0,8,2,1700.0,22087
1,0,1,1,9.5,135.0,1,4.2,222.13,2,8,1.0,5,3,1650.0,16990
1,0,0,0,11.7,116.0,1,3.5,164.83,1,1,0.5,15,3,1500.0,7645
1,0,1,1,8.6,565.0,1,10.1,149.45,2,64,1.0,15,2,7000.0,31431
1,1,0,0,8.6,565.0,1,10.1,149.45,2,32,1.0,15,2,6800.0,24635
1,0,1,1,8.6,453.0,1,8.9,169.6,2,64,1.0,15,2,6000.0,24635
1,0,1,1,8.5,116.0,1,4.3,216.97,2,32,1.0,8,2,1650.0,14441
1,0,1,1,12.0,380.0,1,7.0,169.55,1,16,0.63,15,3,4000.0,22936
1,0,1,1,12.0,380.0,1,7.0,169.55,1,32,0.5,15,3,4000.0,12742
1,1,1,1,8.4,160.0,2,5.5,400.53,10,32,4.0,16,8,3000.0,28033
1,1,1,1,7.6,151.0,2,5.5,400.53,8,64,3.0,13,13,2600.0,20388
1,1,1,1,8.7,168.0,1,5.7,386.47,8,32,3.0,13,1,3000.0,28883
1,1,0,0,10.0,141.0,1,5.0,293.72,4,8,1.5,8,2,2040.0,15291
1,1,1,1,20.8,290.0,1,4.0,233.24,4,16,1.0,8,1,4800.0,59465
1,1,1,1,8.7,180.0,2,5.5,267.02,4,16,2.0,13,5,2620.0,16990
1,1,1,1,8.1,161.0,1,5.2,423.64,4,32,4.0,19,13,2900.0,56067
1,1,1,1,7.9,195.0,1,5.46,806.93,8,64,4.0,19,13,3230.0,63712
1,1,1,1,8.1,188.0,1,6.0,367.15,8,32,4.0,23,16,2700.0,32281
1,1,1,1,8.0,143.0,2,5.0,293.72,8,32,3.0,23,8,2300.0,23786
1,1,1,1,9.5,135.0,1,4.6,319.26,6,32,3.0,23,5,2700.0,31431
1,1,1,1,8.1,161.0,2,5.2,423.64,4,32,3.0,23,13,2900.0,51819
1,1,1,1,8.2,147.0,2,5.0,293.72,4,16,1.5,13,5,2300.0,12742
1,1,1,1,8.4,202.0,2,6.0,367.15,8,16,3.0,5,16,2700.0,32281
1,1,1,1,8.7,164.4,2,5.0,440.58,4,32,3.0,23,13,2700.0,35679
1,1,1,1,7.7,153.0,2,5.0,440.58,6,32,3.0,23,13,2620.0,29732
1,1,1,1,7.9,137.4,2,5.0,293.72,8,16,2.0,13,8,2300.0,21237
1,1,1,1,7.9,137.4,1,5.0,293.72,8,16,2.0,13,8,2300.0,16990
1,1,1,1,7.8,180.0,2,5.5,801.06,8,32,3.0,23,1,3430.0,43324
1,1,1,1,7.8,180.0,1,5.5,801.06,8,32,3.0,23,1,3430.0,42475
1,1,1,1,7.3,154.0,2,5.2,423.64,8,32,3.0,23,1,2900.0,38227
1,1,1,1,7.3,154.0,1,5.2,423.64,8,32,3.0,23,1,2900.0,35679
1,1,1,1,8.9,138.0,1,4.6,319.26,8,32,2.0,23,1,2700.0,34829
1,1,1,1,7.6,142.6,2,5.0,440.58,8,16,3.0,2,13,2600.0,25485
1,1,1,1,7.6,142.5,1,5.0,440.58,8,16,3.0,2,13,2600.0,20388
1,1,1,1,8.2,187.0,2,6.0,367.15,8,16,2.0,13,13,2930.0,29732
1,1,1,1,8.2,187.0,1,6.0,367.15,8,16,2.0,13,13,2930.0,26334
1,1,1,1,6.9,144.0,2,5.2,423.64,8,32,3.0,7,1,2930.0,35679
1,1,1,1,6.9,144.0,1,5.2,423.64,8,32,3.0,7,1,2930.0,28883
1,1,1,1,7.9,147.0,2,5.5,400.53,8,16,2.0,13,5,2600.0,22936
1,1,1,1,7.9,147.0,1,5.5,400.53,8,16,2.0,13,5,2600.0,18689
1,1,1,1,7.3,135.0,2,5.0,293.72,8,8,2.0,13,5,2400.0,18689
1,1,1,1,7.3,136.0,1,5.0,293.72,8,8,2.0,13,5,2400.0,16990
1,1,1,1,6.1,393.0,1,10.1,298.9,8,32,3.0,1,1,6000.0,42475
1,1,1,1,10.8,135.0,1,4.7,234.35,4,8,1.0,5,2,2300.0,11043
1,1,1,1,10.8,135.0,2,4.7,234.35,4,8,1.0,5,2,2300.0,12742
1,0,1,1,10.5,144.0,2,5.0,220.29,4,8,1.0,5,2,2300.0,10194
1,0,1,1,10.5,144.0,1,5.0,220.29,4,8,1.0,5,2,2300.0,10194
1,1,1,1,6.4,270.0,1,8.0,283.02,4,16,3.0,1,2,4500.0,32281
1,1,1,1,7.3,152.0,2,5.2,423.64,4,32,3.0,7,2,3100.0,33980
1,1,1,1,8.9,170.6,1,5.2,423.64,4,32,3.0,7,2,3200.0,31431
1,1,1,1,7.3,152.0,1,5.2,423.64,4,32,3.0,7,2,3100.0,25485
1,1,1,1,8.6,129.0,1,4.6,319.26,4,16,2.0,7,2,2600.0,25485
1,0,1,1,7.6,149.7,2,5.5,267.02,4,8,1.0,8,5,2500.0,21237
1,1,1,1,7.6,149.7,1,5.5,267.02,4,8,1.0,8,5,2500.0,16140
1,1,1,1,7.0,148.0,1,5.3,277.1,4,8,1.0,8,1,2500.0,16990
1,1,1,1,6.4,439.0,1,10.1,224.17,4,16,3.0,1,2,6000.0,29732
1,1,1,1,8.2,163.0,1,5.2,423.64,4,16,3.0,7,2,3200.0,22087
1,0,1,1,7.7,171.8,2,6.0,244.77,4,8,1.0,13,1,3000.0,23786
1,1,1,1,7.7,171.7,1,6.0,244.77,4,8,1.0,13,1,3000.0,19538
1,1,1,1,8.6,162.0,1,5.0,440.58,4,32,2.0,7,2,3000.0,22087
1,1,1,1,9.5,137.0,1,4.3,341.54,4,16,2.0,7,2,2300.0,27184
1,1,1,1,8.5,170.0,1,5.0,440.58,4,16,2.0,7,2,3000.0,28033
1,1,1,1,6.5,212.0,1,6.4,344.2,4,16,2.0,8,2,3050.0,23786
1,1,1,1,6.9,495.0,1,10.1,224.17,4,16,2.0,1,2,6000.0,29732
1,1,1,1,7.9,146.0,1,5.0,440.58,4,16,2.0,1,2,2330.0,22936
1,1,1,1,9.8,151.0,1,5.0,440.58,4,16,2.0,13,2,2370.0,22087
1,1,1,1,9.4,148.0,1,4.55,322.77,2,16,1.0,13,3,1850.0,29732
1,0,1,1,8.8,585.0,1,9.4,160.58,4,64,1.0,8,1,6000.0,22087
1,0,1,1,8.6,127.0,1,4.55,322.77,2,16,1.0,13,3,1750.0,28033
1,0,1,1,9.4,139.0,1,4.55,322.77,2,16,1.0,13,3,1850.0,19538
1,0,1,1,10.6,144.0,1,4.3,341.54,2,32,1.0,12,3,1750.0,20388
1,0,1,1,11.9,147.0,1,4.3,341.54,2,16,1.0,12,3,1910.0,19538
1,1,1,1,8.6,127.0,1,4.6,319.26,2,16,1.0,13,3,1700.0,24635
1,0,1,1,11.9,149.0,1,4.3,341.54,2,16,1.0,12,3,1910.0,24635
1,0,1,1,11.9,149.0,1,4.3,341.54,2,16,1.0,12,3,1900.0,23786
1,0,1,1,10.6,144.0,1,4.3,341.54,2,32,1.0,12,3,1750.0,19538
1,0,1,1,10.8,144.0,1,4.55,322.77,2,2,1.0,12,3,1900.0,21237
1,1,1,1,10.8,144.0,1,4.55,322.77,2,16,1.0,12,3,1900.0,17839
1,0,1,1,9.2,107.0,2,4.5,217.7,4,4,1.0,5,2,1700.0,7645
1,0,1,1,9.3,175.0,2,5.0,440.58,4,8,1.0,8,2,2100.0,13592
1,0,1,1,10.3,196.3,2,5.3,207.82,4,16,1.0,8,5,2550.0,17839
1,0,1,1,10.2,141.8,1,4.0,233.24,2,8,0.5,8,3,1500.0,29732
1,1,1,1,10.8,230.5,1,5.2,423.64,8,64,4.0,21,1,3160.0,764550
1,1,1,1,11.2,193.0,1,4.7,468.7,4,64,2.0,13,1,2275.0,462128
1,1,1,1,10.7,192.0,1,4.7,468.7,4,64,2.0,13,1,2275.0,704235
1,1,1,1,7.5,153.0,2,5.0,293.72,4,16,1.0,13,8,2200.0,13592
1,1,1,1,7.5,207.0,2,6.0,244.77,4,16,1.0,13,8,2500.0,16140
1,0,1,1,8.1,170.0,2,5.5,267.02,4,8,1.0,8,5,2600.0,11893
1,0,1,1,8.4,161.0,2,5.0,195.93,4,8,1.0,8,5,1850.0,9344
1,0,1,1,8.1,172.0,2,5.5,267.02,4,8,1.0,8,5,2600.0,11893
1,0,1,1,9.5,159.0,2,5.0,195.93,2,4,0.5,8,3,1800.0,9344
1,1,1,1,8.9,130.0,2,4.5,217.7,4,8,1.0,8,3,1700.0,13592
1,0,1,1,8.3,112.0,2,5.0,195.93,4,8,1.0,8,2,1900.0,11043
1,0,1,1,8.0,135.0,2,5.0,293.72,4,8,1.0,8,5,2100.0,15291
1,0,1,1,11.0,128.0,2,4.0,233.24,2,4,0.5,8,3,1400.0,6796
1,1,1,1,8.9,140.0,1,5.0,195.93,4,4,1.0,8,2,2000.0,15291
1,1,1,1,7.6,154.0,2,5.5,267.02,8,64,4.0,13,20,3000.0,23786
1,1,1,1,7.5,142.0,2,5.2,282.42,4,16,3.0,13,5,2730.0,16990
1,1,1,1,7.3,158.6,2,5.5,400.53,8,64,4.0,16,20,3160.0,38227
1,1,1,1,7.6,154.0,2,5.5,267.02,8,32,4.0,13,16,3000.0,22936
1,1,1,1,8.4,178.0,2,5.46,537.95,4,128,6.0,12,16,4080.0,59465
1,1,1,1,7.5,199.0,2,5.88,374.64,8,64,6.0,16,20,4000.0,49271
1,1,1,1,7.0,154.0,2,5.5,400.53,8,128,4.0,16,20,3050.0,39077
1,1,1,1,7.6,154.0,2,5.5,267.02,8,32,4.0,13,20,3000.0,21237
1,1,1,1,7.5,183.5,2,5.7,386.47,8,64,4.0,16,16,4000.0,57766
1,1,1,1,7.2,151.0,2,5.2,423.64,8,64,4.0,13,16,3000.0,54368
1,1,1,1,7.6,168.0,2,5.5,400.53,8,32,4.0,13,8,3000.0,25485
1,1,1,1,7.5,138.0,2,5.0,293.72,8,32,3.0,13,8,2550.0,22087
1,1,1,1,6.9,172.5,2,5.7,386.47,8,64,4.0,16,8,3000.0,34829
1,1,1,1,6.7,140.5,2,5.2,423.64,8,64,4.0,13,8,2400.0,29732
1,1,1,1,7.6,167.8,2,5.43,540.92,4,128,6.0,16,8,3600.0,51819
1,1,1,1,7.6,167.8,2,5.43,540.92,8,128,4.0,16,8,3600.0,44174
1,1,1,1,7.5,157.0,2,5.0,220.29,4,16,2.0,8,5,2350.0,11043
1,0,1,1,8.4,137.0,2,4.7,312.47,4,8,1.0,8,2,2100.0,11043
1,1,1,1,7.3,194.0,2,5.5,400.53,8,32,3.0,13,5,4150.0,37378
1,1,1,1,5.1,156.0,2,5.5,400.53,8,16,2.0,13,5,2300.0,39926
1,0,1,1,9.8,156.0,1,4.7,234.35,4,8,1.0,8,5,2100.0,8495
1,0,1,1,9.0,130.0,2,4.5,217.7,4,4,0.5,5,2,1900.0,9344
1,1,1,1,8.6,151.0,1,5.0,293.72,4,16,1.5,13,5,2400.0,8495
1,1,1,1,8.0,439.0,1,10.1,224.17,8,16,2.0,5,2,5830.0,16140
1,1,1,1,9.5,167.9,1,5.0,195.93,4,8,1.0,5,2,2000.0,5097
1,1,1,1,7.0,155.0,1,5.5,534.04,8,32,3.0,16,8,3000.0,32281
1,1,1,1,8.7,150.0,1,5.5,400.53,8,16,2.0,13,5,2960.0,13592
1,1,1,1,8.0,128.0,1,5.0,293.72,4,8,1.0,8,5,2540.0,8495
1,1,1,1,10.0,146.0,1,4.5,217.7,4,8,1.0,5,2,1780.0,5946
1,1,1,1,8.4,159.0,1,5.5,400.53,8,16,2.0,13,5,3000.0,14441
1,1,1,1,8.0,406.0,1,9.6,157.23,4,16,1.0,5,2,4600.0,17839
1,0,1,1,8.7,580.0,1,10.0,150.94,2,16,1.0,5,3,6340.0,22936
1,0,1,1,9.6,174.0,2,5.0,195.93,2,4,0.5,5,3,1800.0,8495
1,1,1,1,9.6,141.0,1,4.5,217.7,4,4,1.0,5,2,2000.0,11043
1,0,1,1,11.3,105.0,2,3.5,164.83,2,4,0.5,2,3,1300.0,4247
1,1,1,1,10.0,175.0,1,5.0,293.72,4,8,1.0,8,2,2500.0,13592
1,1,1,1,7.3,143.0,1,5.0,440.58,4,16,2.0,16,8,2350.0,25485
1,0,1,1,7.6,124.0,2,4.7,312.47,8,8,1.0,8,5,2000.0,16990
1,1,1,1,8.8,119.0,1,4.7,312.47,4,4,1.0,8,5,2000.0,16990
1,0,1,1,7.7,154.0,2,5.0,440.58,8,32,2.0,16,8,2350.0,29732
1,1,1,1,7.6,211.0,2,6.44,342.07,8,128,4.0,12,5,5300.0,23786
1,1,1,1,8.7,150.0,2,5.0,293.72,8,16,2.0,13,5,4100.0,9344
1,1,1,1,7.5,168.0,2,5.15,427.75,8,128,6.0,12,8,3350.0,33980
1,1,1,1,7.1,135.0,2,5.15,427.75,8,64,3.0,12,8,2860.0,25485
1,1,1,1,8.5,165.0,2,5.5,400.53,8,32,4.0,13,5,4100.0,15291
1,1,1,1,8.5,165.0,2,5.5,400.53,8,32,3.0,13,5,4100.0,13592
1,1,1,1,8.5,131.5,2,5.0,293.72,4,32,2.0,13,5,3120.0,9344
1,1,1,1,8.9,156.0,2,5.0,293.72,8,16,2.0,13,5,4100.0,11043
1,1,1,1,8.9,156.0,2,5.0,440.58,8,32,3.0,13,5,4100.0,13592
1,1,1,1,7.9,209.0,2,6.4,360.66,4,128,4.0,16,5,4400.0,65411
1,1,1,1,7.6,166.0,2,5.7,386.47,4,64,4.0,5,8,4070.0,51819
1,1,1,1,8.0,168.0,2,5.7,386.47,4,64,4.0,13,4,3800.0,31431
1,1,1,1,8.3,145.0,2,5.15,427.75,4,64,3.0,12,4,3200.0,26334
1,1,1,1,8.4,175.0,2,5.5,400.53,10,16,2.0,13,5,4100.0,14441
1,1,1,1,8.2,174.0,2,5.5,400.53,10,128,4.0,13,5,4050.0,17839
1,1,1,1,8.5,144.0,2,5.0,293.72,8,32,2.0,13,5,4100.0,14441
1,1,1,1,8.5,144.0,2,5.0,293.72,8,32,3.0,13,5,4100.0,12742
1,1,1,1,8.5,144.0,2,5.0,293.72,8,16,2.0,13,5,4100.0,10194
1,1,1,1,8.5,144.0,2,5.0,293.72,8,32,3.0,13,5,4100.0,21237
1,1,1,1,7.3,129.0,2,5.15,427.75,4,128,4.0,16,4,3000.0,20388
1,1,1,1,7.5,203.0,2,6.44,342.07,6,64,3.0,16,5,4850.0,14441
1,1,1,1,7.8,133.0,2,5.0,440.58,6,64,3.0,13,5,3260.0,18689
1,1,1,1,8.7,164.0,2,5.5,400.53,6,16,2.0,16,5,4050.0,13592
1,1,1,1,8.5,144.0,2,5.0,293.72,8,16,2.0,13,5,4100.0,13592
1,1,1,1,9.4,185.0,2,5.5,267.02,4,16,2.0,13,5,3100.0,11893
1,1,1,1,8.7,164.0,2,5.5,400.53,8,16,2.0,13,5,4000.0,15291
1,1,1,1,7.8,132.0,2,5.0,440.58,6,16,2.0,13,5,3080.0,17839
1,1,1,1,8.3,160.0,2,5.5,400.53,8,16,2.0,13,5,3060.0,13592
1,1,1,1,9.0,133.0,2,4.7,312.47,4,16,2.0,8,2,2200.0,10194
1,1,1,1,7.8,130.0,2,5.0,440.58,8,32,2.0,13,5,3120.0,22087
1,1,1,1,7.0,161.0,2,5.7,515.3,8,64,4.0,13,4,3000.0,21237
1,1,1,1,7.0,161.0,2,5.7,386.47,4,64,3.0,13,4,3000.0,16140
1,1,1,1,9.4,133.0,2,4.7,312.47,4,8,1.0,8,2,2200.0,11043
1,1,1,1,8.9,149.0,1,5.0,440.58,4,16,3.0,13,8,3080.0,19538
1,1,1,1,9.5,185.0,1,5.5,267.02,4,8,2.0,13,5,3100.0,13592
1,1,1,1,8.9,149.0,1,5.0,440.58,4,64,3.0,13,8,3080.0,19538
1,0,1,1,9.5,199.0,2,5.5,267.02,8,8,2.0,13,5,3100.0,10194
1,0,1,1,8.1,145.0,1,5.0,440.58,4,64,2.0,13,2,3050.0,16990
1,0,1,1,9.9,158.0,2,4.7,312.47,4,8,1.0,8,6,2000.0,7645
1,0,1,1,9.9,158.0,2,4.7,312.47,4,4,1.0,8,3,2000.0,8495
1,0,1,1,10.2,145.0,1,4.3,341.54,4,32,2.0,8,2,2000.0,21237
1,0,1,1,10.2,145.0,1,4.3,341.54,4,32,2.0,8,2,2000.0,21237
1,0,1,1,11.9,149.0,1,4.0,244.91,2,4,1.0,8,2,1930.0,16140
1,0,1,1,7.2,100.0,2,4.7,312.47,4,8,1.0,8,2,1800.0,10194
1,1,1,1,9.8,140.0,1,4.3,341.54,2,8,1.0,8,1,1810.0,16140
1,0,1,1,9.6,143.5,2,4.5,244.77,4,4,1.0,8,1,2100.0,8495
1,0,1,1,9.8,180.0,2,5.5,267.02,4,8,1.0,13,2,2600.0,13592
1,0,1,1,9.9,138.0,2,4.7,312.47,4,4,1.0,8,2,1800.0,10194
1,0,1,1,10.2,151.3,2,4.5,244.77,4,4,1.0,8,2,2400.0,10194
1,0,1,1,7.0,158.0,1,5.0,293.72,4,16,1.0,13,5,2500.0,14441
1,0,1,1,10.4,167.0,1,4.7,312.47,4,4,1.0,8,2,2000.0,14441
1,0,1,1,9.1,140.0,1,4.7,312.47,1,8,1.0,8,3,1900.0,14441
1,0,1,1,8.8,171.1,2,5.0,293.72,4,4,1.0,8,2,2100.0,12742
1,0,1,1,9.6,143.5,2,4.5,244.77,4,4,1.0,8,1,2100.0,11043
1,0,1,1,8.6,106.0,2,5.0,220.29,4,4,0.5,1,2,2000.0,16140
1,1,1,1,9.0,145.0,1,5.0,440.58,4,32,2.0,8,1,2500.0,12742
1,1,1,1,10.0,146.0,1,4.3,341.54,2,32,2.0,13,1,1800.0,35679
1,1,1,1,8.7,152.0,2,5.0,440.58,8,32,4.0,13,8,3000.0,764550
1,1,1,1,8.3,128.0,2,4.7,312.47,4,8,2.0,8,2,2000.0,6796
1,1,1,1,8.5,172.0,2,5.5,400.53,8,32,4.0,13,5,4000.0,15291
1,1,1,1,7.2,159.0,2,5.2,564.85,8,32,4.0,21,8,3000.0,35679
1,1,1,1,8.3,128.0,2,4.7,312.47,4,8,1.0,8,2,2000.0,5946
1,1,1,1,8.774999999999999,143.0,2,5.0,293.72,4,16,2.0,8,5,2230.0,7645
1,1,1,1,7.4,155.0,2,5.5,267.02,8,16,2.0,13,5,2500.0,11043
1,1,1,1,7.6,173.0,2,5.5,400.53,8,128,6.0,12,16,3200.0,42475
1,1,1,1,7.9,170.0,2,5.5,534.04,4,128,6.0,20,8,3400.0,59465
1,1,1,1,9.4,180.0,1,6.0,367.15,8,16,2.0,13,5,3990.0,10194
1,1,1,1,7.5,155.0,2,5.2,423.64,8,64,4.0,13,16,2950.0,26334
1,1,1,1,8.0,136.0,2,5.0,293.72,8,16,2.0,8,5,2500.0,14441
1,1,1,1,9.8,189.0,2,5.5,400.53,8,32,4.0,13,8,5000.0,16990
1,1,1,1,9.1,185.0,2,5.5,400.53,8,32,3.0,13,8,3140.0,22087
1,1,1,1,7.7,141.0,2,5.2,423.64,8,16,2.0,13,13,2730.0,21237
1,1,1,1,8.2,196.0,2,6.0,367.15,8,64,4.0,13,13,4100.0,42475
1,1,1,1,7.6,158.0,2,5.2,423.64,8,128,4.0,23,13,3000.0,22936
1,1,1,1,7.8,153.0,2,5.2,423.64,8,32,3.0,16,8,2705.0,22936
1,1,1,1,9.1,158.8,1,5.5,267.02,4,16,2.0,13,5,3000.0,9344
1,1,1,1,8.9,190.0,2,5.5,400.53,8,64,3.0,13,13,5000.0,19538
1,1,1,1,7.4,185.0,2,6.0,367.15,8,64,4.0,16,8,4000.0,30582
1,1,1,1,7.9,175.0,2,5.5,534.04,4,64,4.0,20,8,3250.0,34829
1,1,1,1,7.5,162.0,2,5.5,400.53,4,64,6.0,16,8,3000.0,38227
1,0,1,1,10.4,110.0,1,4.0,233.24,4,4,0.5,5,2,1400.0,5946
1,1,1,1,8.0,138.0,2,5.0,440.58,8,64,3.0,16,8,2800.0,21237
1,0,1,1,8.3,160.0,2,5.0,293.72,4,8,1.0,8,2,2150.0,7645
1,1,1,1,8.6,164.0,2,5.5,400.53,8,16,2.0,13,5,3000.0,22936
1,1,1,1,7.6,130.0,2,5.2,282.42,4,16,2.0,13,5,2540.0,14441
1,1,1,1,7.9,135.0,2,5.0,293.72,8,16,2.0,13,5,2500.0,11043
1,1,1,1,6.8,135.0,2,5.2,423.64,8,64,3.0,13,8,2200.0,33130
1,1,1,1,9.4,170.1,1,5.5,267.02,4,16,2.0,8,2,3080.0,10194
1,1,1,1,10.9,164.4,1,5.0,195.93,4,8,1.0,5,2,2300.0,9344
1,1,1,1,8.6,160.0,2,5.5,400.53,8,16,2.0,13,5,3000.0,14441
1,1,1,1,9.4,169.8,1,5.5,400.53,4,32,2.0,13,8,3000.0,24635
1,1,1,1,7.2,131.0,2,5.0,440.58,8,32,3.0,13,13,2500.0,23786
1,1,1,1,7.9,140.0,2,5.2,423.64,8,32,3.0,13,8,2800.0,28033
1,1,1,1,9.4,170.1,1,5.5,267.02,4,16,2.0,8,2,3000.0,11043
1,1,1,1,5.5,140.0,2,5.2,423.64,8,16,2.0,13,8,2200.0,29732
1,1,1,1,9.7,168.0,2,5.5,534.04,8,128,4.0,13,8,3000.0,38227
1,1,1,1,10.2,194.8,1,5.7,257.65,4,16,2.0,8,1,3400.0,15291
1,1,1,1,9.4,172.9,1,5.5,534.04,8,64,4.0,13,8,3000.0,29732
1,1,1,1,10.2,137.5,1,4.5,217.7,4,4,1.0,5,2,1800.0,11043
1,1,1,1,9.3,145.0,1,5.0,293.72,4,16,2.0,8,2,2480.0,11043
1,1,1,1,9.6,149.0,1,4.5,217.7,4,8,1.0,5,2,2000.0,9344
1,1,1,1,10.3,154.0,2,4.5,217.7,4,8,1.0,8,5,2200.0,5946
1,1,1,1,8.9,192.0,2,5.2,423.64,8,64,4.0,16,8,2900.0,29732
1,1,1,1,7.7,139.3,2,5.5,267.02,8,16,2.0,13,5,3000.0,23786
1,1,1,1,7.9,165.0,2,5.5,400.53,8,16,3.0,16,8,2900.0,16990
1,1,1,1,8.2,147.0,2,5.0,440.58,8,16,2.0,16,8,2900.0,14441
1,0,1,1,9.1,135.0,2,4.5,217.7,2,4,0.5,5,2,1850.0,8495
1,1,1,1,9.0,165.0,2,5.0,293.72,4,8,1.0,13,5,2400.0,17839
1,1,1,1,7.7,154.0,2,5.0,293.72,8,16,2.0,13,5,2400.0,18689
1,1,1,1,6.9,130.0,1,5.0,440.58,4,16,2.0,13,5,2400.0,28033
1,1,1,1,10.2,136.1,1,4.5,244.77,4,8,1.0,5,2,2000.0,6796
1,0,1,1,7.9,120.0,1,5.5,400.53,4,16,2.0,13,5,2500.0,15291
1,1,1,1,8.9,189.9,1,5.7,257.65,4,16,2.0,8,6,3400.0,16990
1,0,1,1,9.1,135.0,1,4.5,217.7,2,4,0.5,5,2,1850.0,10194
1,1,1,1,8.6,117.9,1,4.7,312.47,4,16,2.0,13,5,2000.0,17839
1,1,1,1,8.7,160.0,2,5.5,400.53,4,32,2.0,13,5,3100.0,20388
1,1,1,1,8.2,143.0,2,5.0,440.58,4,16,2.0,13,5,2300.0,15291
1,0,1,1,9.0,166.0,2,5.0,195.93,4,4,1.0,5,1,2000.0,11043
1,1,1,1,6.6,130.0,1,5.0,440.58,4,16,2.0,8,5,2300.0,16990
1,1,1,1,7.9,215.0,2,6.44,342.07,4,64,2.0,13,13,4250.0,29732
1,1,1,1,9.1,150.0,1,5.5,400.53,4,16,2.0,13,2,3100.0,21237
1,1,1,1,7.6,126.0,1,5.0,440.58,4,32,2.0,13,5,2300.0,24635
1,0,1,1,7.6,120.0,1,4.7,312.47,4,16,2.0,13,5,2000.0,19538
1,1,1,1,8.9,130.0,1,5.0,293.72,2,16,1.0,8,1,2300.0,26334
1,1,0,0,10.4,127.6,1,4.5,326.36,2,8,1.0,8,1,2070.0,12742
1,0,0,0,11.2,127.6,1,4.0,233.24,1,4,1.0,5,1,1650.0,9344
1,1,0,0,10.0,154.0,1,5.0,293.72,2,8,1.0,13,1,2500.0,22936
1,0,1,1,8.9,163.0,2,5.0,293.72,4,4,1.0,8,3,2500.0,16990
1,1,1,1,8.5,189.0,1,5.7,257.65,4,16,2.0,13,1,3200.0,28883
1,1,1,1,6.9,110.0,1,5.0,440.58,4,16,2.0,13,2,1780.0,36528
1,0,1,1,7.6,126.0,1,5.0,440.58,4,32,2.0,13,2,2300.0,44174
1,1,0,0,9.7,142.0,1,4.5,326.36,2,8,1.0,6,1,1780.0,30582
1,0,1,1,8.6,110.0,1,4.5,326.36,4,4,1.0,8,3,1800.0,32281
1,1,1,1,11.2,151.0,1,4.3,256.15,2,4,1.0,8,3,1900.0,28883
1,0,0,0,13.2,400.0,1,7.0,215.63,2,16,1.0,5,2,4000.0,19538
